image,image_patch,mask_patch,label,fold,ela,data_root
1,0.png,,0,0,0_ela.jpg,COVERAGE/image_patch_128
1,1.png,,0,0,1_ela.jpg,COVERAGE/image_patch_128
1,2.png,,0,0,2_ela.jpg,COVERAGE/image_patch_128
1,3.png,,0,0,3_ela.jpg,COVERAGE/image_patch_128
1,4.png,,0,0,4_ela.jpg,COVERAGE/image_patch_128
10,0.png,,0,0,0_ela.jpg,COVERAGE/image_patch_128
10,1.png,,0,0,1_ela.jpg,COVERAGE/image_patch_128
10,2.png,,0,0,2_ela.jpg,COVERAGE/image_patch_128
10,3.png,,0,0,3_ela.jpg,COVERAGE/image_patch_128
100,0.png,,0,0,0_ela.jpg,COVERAGE/image_patch_128
100,1.png,,0,0,1_ela.jpg,COVERAGE/image_patch_128
100,2.png,,0,0,2_ela.jpg,COVERAGE/image_patch_128
100,3.png,,0,0,3_ela.jpg,COVERAGE/image_patch_128
100,4.png,,0,0,4_ela.jpg,COVERAGE/image_patch_128
100,5.png,,0,0,5_ela.jpg,COVERAGE/image_patch_128
100,6.png,,0,0,6_ela.jpg,COVERAGE/image_patch_128
100,7.png,,0,0,7_ela.jpg,COVERAGE/image_patch_128
11,0.png,,0,0,0_ela.jpg,COVERAGE/image_patch_128
11,1.png,,0,0,1_ela.jpg,COVERAGE/image_patch_128
11,2.png,,0,0,2_ela.jpg,COVERAGE/image_patch_128
11,3.png,,0,0,3_ela.jpg,COVERAGE/image_patch_128
11,4.png,,0,0,4_ela.jpg,COVERAGE/image_patch_128
11,5.png,,0,0,5_ela.jpg,COVERAGE/image_patch_128
11,6.png,,0,0,6_ela.jpg,COVERAGE/image_patch_128
11,7.png,,0,0,7_ela.jpg,COVERAGE/image_patch_128
11,8.png,,0,0,8_ela.jpg,COVERAGE/image_patch_128
12,0.png,,0,0,0_ela.jpg,COVERAGE/image_patch_128
12,1.png,,0,0,1_ela.jpg,COVERAGE/image_patch_128
12,2.png,,0,0,2_ela.jpg,COVERAGE/image_patch_128
12,3.png,,0,0,3_ela.jpg,COVERAGE/image_patch_128
13,0.png,,0,0,0_ela.jpg,COVERAGE/image_patch_128
13,1.png,,0,0,1_ela.jpg,COVERAGE/image_patch_128
13,2.png,,0,0,2_ela.jpg,COVERAGE/image_patch_128
13,3.png,,0,0,3_ela.jpg,COVERAGE/image_patch_128
13,4.png,,0,0,4_ela.jpg,COVERAGE/image_patch_128
13,5.png,,0,0,5_ela.jpg,COVERAGE/image_patch_128
13,6.png,,0,0,6_ela.jpg,COVERAGE/image_patch_128
14,0.png,,0,0,0_ela.jpg,COVERAGE/image_patch_128
14,1.png,,0,0,1_ela.jpg,COVERAGE/image_patch_128
14,2.png,,0,0,2_ela.jpg,COVERAGE/image_patch_128
14,3.png,,0,0,3_ela.jpg,COVERAGE/image_patch_128
14,4.png,,0,0,4_ela.jpg,COVERAGE/image_patch_128
15,0.png,,0,0,0_ela.jpg,COVERAGE/image_patch_128
15,1.png,,0,0,1_ela.jpg,COVERAGE/image_patch_128
15,2.png,,0,0,2_ela.jpg,COVERAGE/image_patch_128
15,3.png,,0,0,3_ela.jpg,COVERAGE/image_patch_128
15,4.png,,0,0,4_ela.jpg,COVERAGE/image_patch_128
15,5.png,,0,0,5_ela.jpg,COVERAGE/image_patch_128
16,0.png,,0,0,0_ela.jpg,COVERAGE/image_patch_128
16,1.png,,0,0,1_ela.jpg,COVERAGE/image_patch_128
16,2.png,,0,0,2_ela.jpg,COVERAGE/image_patch_128
16,3.png,,0,0,3_ela.jpg,COVERAGE/image_patch_128
16,4.png,,0,0,4_ela.jpg,COVERAGE/image_patch_128
16,5.png,,0,0,5_ela.jpg,COVERAGE/image_patch_128
16,6.png,,0,0,6_ela.jpg,COVERAGE/image_patch_128
17,0.png,,0,0,0_ela.jpg,COVERAGE/image_patch_128
17,1.png,,0,0,1_ela.jpg,COVERAGE/image_patch_128
17,2.png,,0,0,2_ela.jpg,COVERAGE/image_patch_128
17,3.png,,0,0,3_ela.jpg,COVERAGE/image_patch_128
17,4.png,,0,0,4_ela.jpg,COVERAGE/image_patch_128
17,5.png,,0,1,5_ela.jpg,COVERAGE/image_patch_128
17,6.png,,0,1,6_ela.jpg,COVERAGE/image_patch_128
18,0.png,,0,1,0_ela.jpg,COVERAGE/image_patch_128
18,1.png,,0,1,1_ela.jpg,COVERAGE/image_patch_128
18,2.png,,0,1,2_ela.jpg,COVERAGE/image_patch_128
18,3.png,,0,1,3_ela.jpg,COVERAGE/image_patch_128
18,4.png,,0,1,4_ela.jpg,COVERAGE/image_patch_128
18,5.png,,0,1,5_ela.jpg,COVERAGE/image_patch_128
18,6.png,,0,1,6_ela.jpg,COVERAGE/image_patch_128
18,7.png,,0,1,7_ela.jpg,COVERAGE/image_patch_128
18,8.png,,0,1,8_ela.jpg,COVERAGE/image_patch_128
19,0.png,,0,1,0_ela.jpg,COVERAGE/image_patch_128
19,1.png,,0,1,1_ela.jpg,COVERAGE/image_patch_128
19,2.png,,0,1,2_ela.jpg,COVERAGE/image_patch_128
19,3.png,,0,1,3_ela.jpg,COVERAGE/image_patch_128
19,4.png,,0,1,4_ela.jpg,COVERAGE/image_patch_128
19,5.png,,0,1,5_ela.jpg,COVERAGE/image_patch_128
19,6.png,,0,1,6_ela.jpg,COVERAGE/image_patch_128
19,7.png,,0,1,7_ela.jpg,COVERAGE/image_patch_128
2,0.png,,0,1,0_ela.jpg,COVERAGE/image_patch_128
2,1.png,,0,1,1_ela.jpg,COVERAGE/image_patch_128
2,2.png,,0,1,2_ela.jpg,COVERAGE/image_patch_128
2,3.png,,0,1,3_ela.jpg,COVERAGE/image_patch_128
2,4.png,,0,1,4_ela.jpg,COVERAGE/image_patch_128
2,5.png,,0,1,5_ela.jpg,COVERAGE/image_patch_128
2,6.png,,0,1,6_ela.jpg,COVERAGE/image_patch_128
20,0.png,,0,1,0_ela.jpg,COVERAGE/image_patch_128
20,1.png,,0,1,1_ela.jpg,COVERAGE/image_patch_128
20,2.png,,0,1,2_ela.jpg,COVERAGE/image_patch_128
20,3.png,,0,1,3_ela.jpg,COVERAGE/image_patch_128
20,4.png,,0,1,4_ela.jpg,COVERAGE/image_patch_128
20,5.png,,0,1,5_ela.jpg,COVERAGE/image_patch_128
20,6.png,,0,1,6_ela.jpg,COVERAGE/image_patch_128
20,7.png,,0,1,7_ela.jpg,COVERAGE/image_patch_128
20,8.png,,0,1,8_ela.jpg,COVERAGE/image_patch_128
20,9.png,,0,1,9_ela.jpg,COVERAGE/image_patch_128
21,0.png,,0,1,0_ela.jpg,COVERAGE/image_patch_128
22,0.png,,0,1,0_ela.jpg,COVERAGE/image_patch_128
22,1.png,,0,1,1_ela.jpg,COVERAGE/image_patch_128
22,2.png,,0,1,2_ela.jpg,COVERAGE/image_patch_128
23,0.png,,0,1,0_ela.jpg,COVERAGE/image_patch_128
23,1.png,,0,1,1_ela.jpg,COVERAGE/image_patch_128
23,2.png,,0,1,2_ela.jpg,COVERAGE/image_patch_128
23,3.png,,0,1,3_ela.jpg,COVERAGE/image_patch_128
23,4.png,,0,1,4_ela.jpg,COVERAGE/image_patch_128
23,5.png,,0,1,5_ela.jpg,COVERAGE/image_patch_128
23,6.png,,0,1,6_ela.jpg,COVERAGE/image_patch_128
24,0.png,,0,1,0_ela.jpg,COVERAGE/image_patch_128
24,1.png,,0,1,1_ela.jpg,COVERAGE/image_patch_128
24,2.png,,0,1,2_ela.jpg,COVERAGE/image_patch_128
24,3.png,,0,1,3_ela.jpg,COVERAGE/image_patch_128
24,4.png,,0,1,4_ela.jpg,COVERAGE/image_patch_128
24,5.png,,0,1,5_ela.jpg,COVERAGE/image_patch_128
25,0.png,,0,1,0_ela.jpg,COVERAGE/image_patch_128
25,1.png,,0,1,1_ela.jpg,COVERAGE/image_patch_128
25,2.png,,0,1,2_ela.jpg,COVERAGE/image_patch_128
25,3.png,,0,1,3_ela.jpg,COVERAGE/image_patch_128
25,4.png,,0,1,4_ela.jpg,COVERAGE/image_patch_128
25,5.png,,0,1,5_ela.jpg,COVERAGE/image_patch_128
25,6.png,,0,1,6_ela.jpg,COVERAGE/image_patch_128
26,0.png,,0,2,0_ela.jpg,COVERAGE/image_patch_128
26,1.png,,0,2,1_ela.jpg,COVERAGE/image_patch_128
26,2.png,,0,2,2_ela.jpg,COVERAGE/image_patch_128
26,3.png,,0,2,3_ela.jpg,COVERAGE/image_patch_128
26,4.png,,0,2,4_ela.jpg,COVERAGE/image_patch_128
26,5.png,,0,2,5_ela.jpg,COVERAGE/image_patch_128
26,6.png,,0,2,6_ela.jpg,COVERAGE/image_patch_128
26,7.png,,0,2,7_ela.jpg,COVERAGE/image_patch_128
26,8.png,,0,2,8_ela.jpg,COVERAGE/image_patch_128
26,9.png,,0,2,9_ela.jpg,COVERAGE/image_patch_128
27,0.png,,0,2,0_ela.jpg,COVERAGE/image_patch_128
27,1.png,,0,2,1_ela.jpg,COVERAGE/image_patch_128
27,2.png,,0,2,2_ela.jpg,COVERAGE/image_patch_128
27,3.png,,0,2,3_ela.jpg,COVERAGE/image_patch_128
27,4.png,,0,2,4_ela.jpg,COVERAGE/image_patch_128
27,5.png,,0,2,5_ela.jpg,COVERAGE/image_patch_128
27,6.png,,0,2,6_ela.jpg,COVERAGE/image_patch_128
27,7.png,,0,2,7_ela.jpg,COVERAGE/image_patch_128
28,0.png,,0,2,0_ela.jpg,COVERAGE/image_patch_128
29,0.png,,0,2,0_ela.jpg,COVERAGE/image_patch_128
29,1.png,,0,2,1_ela.jpg,COVERAGE/image_patch_128
29,2.png,,0,2,2_ela.jpg,COVERAGE/image_patch_128
29,3.png,,0,2,3_ela.jpg,COVERAGE/image_patch_128
29,4.png,,0,2,4_ela.jpg,COVERAGE/image_patch_128
29,5.png,,0,2,5_ela.jpg,COVERAGE/image_patch_128
29,6.png,,0,2,6_ela.jpg,COVERAGE/image_patch_128
29,7.png,,0,2,7_ela.jpg,COVERAGE/image_patch_128
3,0.png,,0,2,0_ela.jpg,COVERAGE/image_patch_128
3,1.png,,0,2,1_ela.jpg,COVERAGE/image_patch_128
3,2.png,,0,2,2_ela.jpg,COVERAGE/image_patch_128
3,3.png,,0,2,3_ela.jpg,COVERAGE/image_patch_128
3,4.png,,0,2,4_ela.jpg,COVERAGE/image_patch_128
30,0.png,,0,2,0_ela.jpg,COVERAGE/image_patch_128
31,0.png,,0,2,0_ela.jpg,COVERAGE/image_patch_128
31,1.png,,0,2,1_ela.jpg,COVERAGE/image_patch_128
31,2.png,,0,2,2_ela.jpg,COVERAGE/image_patch_128
31,3.png,,0,2,3_ela.jpg,COVERAGE/image_patch_128
31,4.png,,0,2,4_ela.jpg,COVERAGE/image_patch_128
31,5.png,,0,2,5_ela.jpg,COVERAGE/image_patch_128
32,0.png,,0,2,0_ela.jpg,COVERAGE/image_patch_128
32,1.png,,0,2,1_ela.jpg,COVERAGE/image_patch_128
32,2.png,,0,2,2_ela.jpg,COVERAGE/image_patch_128
32,3.png,,0,2,3_ela.jpg,COVERAGE/image_patch_128
32,4.png,,0,2,4_ela.jpg,COVERAGE/image_patch_128
32,5.png,,0,2,5_ela.jpg,COVERAGE/image_patch_128
33,0.png,,0,2,0_ela.jpg,COVERAGE/image_patch_128
33,1.png,,0,2,1_ela.jpg,COVERAGE/image_patch_128
33,2.png,,0,2,2_ela.jpg,COVERAGE/image_patch_128
33,3.png,,0,2,3_ela.jpg,COVERAGE/image_patch_128
33,4.png,,0,2,4_ela.jpg,COVERAGE/image_patch_128
33,5.png,,0,2,5_ela.jpg,COVERAGE/image_patch_128
33,6.png,,0,2,6_ela.jpg,COVERAGE/image_patch_128
34,0.png,,0,2,0_ela.jpg,COVERAGE/image_patch_128
35,0.png,,0,2,0_ela.jpg,COVERAGE/image_patch_128
35,1.png,,0,2,1_ela.jpg,COVERAGE/image_patch_128
35,2.png,,0,2,2_ela.jpg,COVERAGE/image_patch_128
35,3.png,,0,2,3_ela.jpg,COVERAGE/image_patch_128
35,4.png,,0,2,4_ela.jpg,COVERAGE/image_patch_128
36,0.png,,0,2,0_ela.jpg,COVERAGE/image_patch_128
36,1.png,,0,3,1_ela.jpg,COVERAGE/image_patch_128
36,2.png,,0,3,2_ela.jpg,COVERAGE/image_patch_128
36,3.png,,0,3,3_ela.jpg,COVERAGE/image_patch_128
36,4.png,,0,3,4_ela.jpg,COVERAGE/image_patch_128
36,5.png,,0,3,5_ela.jpg,COVERAGE/image_patch_128
36,6.png,,0,3,6_ela.jpg,COVERAGE/image_patch_128
36,7.png,,0,3,7_ela.jpg,COVERAGE/image_patch_128
37,0.png,,0,3,0_ela.jpg,COVERAGE/image_patch_128
37,1.png,,0,3,1_ela.jpg,COVERAGE/image_patch_128
37,2.png,,0,3,2_ela.jpg,COVERAGE/image_patch_128
37,3.png,,0,3,3_ela.jpg,COVERAGE/image_patch_128
37,4.png,,0,3,4_ela.jpg,COVERAGE/image_patch_128
37,5.png,,0,3,5_ela.jpg,COVERAGE/image_patch_128
37,6.png,,0,3,6_ela.jpg,COVERAGE/image_patch_128
37,7.png,,0,3,7_ela.jpg,COVERAGE/image_patch_128
37,8.png,,0,3,8_ela.jpg,COVERAGE/image_patch_128
37,9.png,,0,3,9_ela.jpg,COVERAGE/image_patch_128
38,0.png,,0,3,0_ela.jpg,COVERAGE/image_patch_128
38,1.png,,0,3,1_ela.jpg,COVERAGE/image_patch_128
38,2.png,,0,3,2_ela.jpg,COVERAGE/image_patch_128
38,3.png,,0,3,3_ela.jpg,COVERAGE/image_patch_128
38,4.png,,0,3,4_ela.jpg,COVERAGE/image_patch_128
38,5.png,,0,3,5_ela.jpg,COVERAGE/image_patch_128
39,0.png,,0,3,0_ela.jpg,COVERAGE/image_patch_128
39,1.png,,0,3,1_ela.jpg,COVERAGE/image_patch_128
39,2.png,,0,3,2_ela.jpg,COVERAGE/image_patch_128
39,3.png,,0,3,3_ela.jpg,COVERAGE/image_patch_128
39,4.png,,0,3,4_ela.jpg,COVERAGE/image_patch_128
39,5.png,,0,3,5_ela.jpg,COVERAGE/image_patch_128
4,0.png,,0,3,0_ela.jpg,COVERAGE/image_patch_128
4,1.png,,0,3,1_ela.jpg,COVERAGE/image_patch_128
4,2.png,,0,3,2_ela.jpg,COVERAGE/image_patch_128
4,3.png,,0,3,3_ela.jpg,COVERAGE/image_patch_128
4,4.png,,0,3,4_ela.jpg,COVERAGE/image_patch_128
4,5.png,,0,3,5_ela.jpg,COVERAGE/image_patch_128
4,6.png,,0,3,6_ela.jpg,COVERAGE/image_patch_128
4,7.png,,0,3,7_ela.jpg,COVERAGE/image_patch_128
40,0.png,,0,3,0_ela.jpg,COVERAGE/image_patch_128
40,1.png,,0,3,1_ela.jpg,COVERAGE/image_patch_128
40,2.png,,0,3,2_ela.jpg,COVERAGE/image_patch_128
40,3.png,,0,3,3_ela.jpg,COVERAGE/image_patch_128
40,4.png,,0,3,4_ela.jpg,COVERAGE/image_patch_128
41,0.png,,0,3,0_ela.jpg,COVERAGE/image_patch_128
42,0.png,,0,3,0_ela.jpg,COVERAGE/image_patch_128
42,1.png,,0,3,1_ela.jpg,COVERAGE/image_patch_128
42,2.png,,0,3,2_ela.jpg,COVERAGE/image_patch_128
42,3.png,,0,3,3_ela.jpg,COVERAGE/image_patch_128
42,4.png,,0,3,4_ela.jpg,COVERAGE/image_patch_128
42,5.png,,0,3,5_ela.jpg,COVERAGE/image_patch_128
42,6.png,,0,3,6_ela.jpg,COVERAGE/image_patch_128
42,7.png,,0,3,7_ela.jpg,COVERAGE/image_patch_128
42,8.png,,0,3,8_ela.jpg,COVERAGE/image_patch_128
43,0.png,,0,3,0_ela.jpg,COVERAGE/image_patch_128
43,1.png,,0,3,1_ela.jpg,COVERAGE/image_patch_128
43,2.png,,0,3,2_ela.jpg,COVERAGE/image_patch_128
43,3.png,,0,3,3_ela.jpg,COVERAGE/image_patch_128
43,4.png,,0,3,4_ela.jpg,COVERAGE/image_patch_128
43,5.png,,0,3,5_ela.jpg,COVERAGE/image_patch_128
44,0.png,,0,3,0_ela.jpg,COVERAGE/image_patch_128
44,1.png,,0,4,1_ela.jpg,COVERAGE/image_patch_128
44,2.png,,0,4,2_ela.jpg,COVERAGE/image_patch_128
44,3.png,,0,4,3_ela.jpg,COVERAGE/image_patch_128
44,4.png,,0,4,4_ela.jpg,COVERAGE/image_patch_128
44,5.png,,0,4,5_ela.jpg,COVERAGE/image_patch_128
44,6.png,,0,4,6_ela.jpg,COVERAGE/image_patch_128
44,7.png,,0,4,7_ela.jpg,COVERAGE/image_patch_128
44,8.png,,0,4,8_ela.jpg,COVERAGE/image_patch_128
44,9.png,,0,4,9_ela.jpg,COVERAGE/image_patch_128
45,0.png,,0,4,0_ela.jpg,COVERAGE/image_patch_128
45,1.png,,0,4,1_ela.jpg,COVERAGE/image_patch_128
45,2.png,,0,4,2_ela.jpg,COVERAGE/image_patch_128
45,3.png,,0,4,3_ela.jpg,COVERAGE/image_patch_128
45,4.png,,0,4,4_ela.jpg,COVERAGE/image_patch_128
46,0.png,,0,4,0_ela.jpg,COVERAGE/image_patch_128
47,0.png,,0,4,0_ela.jpg,COVERAGE/image_patch_128
48,0.png,,0,4,0_ela.jpg,COVERAGE/image_patch_128
48,1.png,,0,4,1_ela.jpg,COVERAGE/image_patch_128
48,2.png,,0,4,2_ela.jpg,COVERAGE/image_patch_128
48,3.png,,0,4,3_ela.jpg,COVERAGE/image_patch_128
48,4.png,,0,4,4_ela.jpg,COVERAGE/image_patch_128
48,5.png,,0,4,5_ela.jpg,COVERAGE/image_patch_128
48,6.png,,0,4,6_ela.jpg,COVERAGE/image_patch_128
49,0.png,,0,4,0_ela.jpg,COVERAGE/image_patch_128
49,1.png,,0,4,1_ela.jpg,COVERAGE/image_patch_128
5,0.png,,0,4,0_ela.jpg,COVERAGE/image_patch_128
5,1.png,,0,4,1_ela.jpg,COVERAGE/image_patch_128
5,2.png,,0,4,2_ela.jpg,COVERAGE/image_patch_128
50,0.png,,0,4,0_ela.jpg,COVERAGE/image_patch_128
50,1.png,,0,4,1_ela.jpg,COVERAGE/image_patch_128
50,2.png,,0,4,2_ela.jpg,COVERAGE/image_patch_128
50,3.png,,0,4,3_ela.jpg,COVERAGE/image_patch_128
50,4.png,,0,4,4_ela.jpg,COVERAGE/image_patch_128
50,5.png,,0,4,5_ela.jpg,COVERAGE/image_patch_128
51,0.png,,0,4,0_ela.jpg,COVERAGE/image_patch_128
51,1.png,,0,4,1_ela.jpg,COVERAGE/image_patch_128
51,2.png,,0,4,2_ela.jpg,COVERAGE/image_patch_128
51,3.png,,0,4,3_ela.jpg,COVERAGE/image_patch_128
51,4.png,,0,4,4_ela.jpg,COVERAGE/image_patch_128
51,5.png,,0,4,5_ela.jpg,COVERAGE/image_patch_128
52,0.png,,0,4,0_ela.jpg,COVERAGE/image_patch_128
52,1.png,,0,4,1_ela.jpg,COVERAGE/image_patch_128
53,0.png,,0,4,0_ela.jpg,COVERAGE/image_patch_128
53,1.png,,0,4,1_ela.jpg,COVERAGE/image_patch_128
53,2.png,,0,4,2_ela.jpg,COVERAGE/image_patch_128
53,3.png,,0,4,3_ela.jpg,COVERAGE/image_patch_128
53,4.png,,0,4,4_ela.jpg,COVERAGE/image_patch_128
54,0.png,,0,4,0_ela.jpg,COVERAGE/image_patch_128
54,1.png,,0,4,1_ela.jpg,COVERAGE/image_patch_128
54,2.png,,0,4,2_ela.jpg,COVERAGE/image_patch_128
54,3.png,,0,4,3_ela.jpg,COVERAGE/image_patch_128
55,0.png,,0,4,0_ela.jpg,COVERAGE/image_patch_128
55,1.png,,0,4,1_ela.jpg,COVERAGE/image_patch_128
55,2.png,,0,4,2_ela.jpg,COVERAGE/image_patch_128
56,0.png,,0,4,0_ela.jpg,COVERAGE/image_patch_128
56,1.png,,0,4,1_ela.jpg,COVERAGE/image_patch_128
56,2.png,,0,4,2_ela.jpg,COVERAGE/image_patch_128
56,3.png,,0,4,3_ela.jpg,COVERAGE/image_patch_128
57,0.png,,0,4,0_ela.jpg,COVERAGE/image_patch_128
57,1.png,,0,5,1_ela.jpg,COVERAGE/image_patch_128
57,2.png,,0,5,2_ela.jpg,COVERAGE/image_patch_128
57,3.png,,0,5,3_ela.jpg,COVERAGE/image_patch_128
57,4.png,,0,5,4_ela.jpg,COVERAGE/image_patch_128
58,0.png,,0,5,0_ela.jpg,COVERAGE/image_patch_128
58,1.png,,0,5,1_ela.jpg,COVERAGE/image_patch_128
58,2.png,,0,5,2_ela.jpg,COVERAGE/image_patch_128
59,0.png,,0,5,0_ela.jpg,COVERAGE/image_patch_128
59,1.png,,0,5,1_ela.jpg,COVERAGE/image_patch_128
59,2.png,,0,5,2_ela.jpg,COVERAGE/image_patch_128
59,3.png,,0,5,3_ela.jpg,COVERAGE/image_patch_128
59,4.png,,0,5,4_ela.jpg,COVERAGE/image_patch_128
59,5.png,,0,5,5_ela.jpg,COVERAGE/image_patch_128
59,6.png,,0,5,6_ela.jpg,COVERAGE/image_patch_128
6,0.png,,0,5,0_ela.jpg,COVERAGE/image_patch_128
6,1.png,,0,5,1_ela.jpg,COVERAGE/image_patch_128
6,2.png,,0,5,2_ela.jpg,COVERAGE/image_patch_128
6,3.png,,0,5,3_ela.jpg,COVERAGE/image_patch_128
60,0.png,,0,5,0_ela.jpg,COVERAGE/image_patch_128
60,1.png,,0,5,1_ela.jpg,COVERAGE/image_patch_128
60,2.png,,0,5,2_ela.jpg,COVERAGE/image_patch_128
60,3.png,,0,5,3_ela.jpg,COVERAGE/image_patch_128
60,4.png,,0,5,4_ela.jpg,COVERAGE/image_patch_128
60,5.png,,0,5,5_ela.jpg,COVERAGE/image_patch_128
60,6.png,,0,5,6_ela.jpg,COVERAGE/image_patch_128
60,7.png,,0,5,7_ela.jpg,COVERAGE/image_patch_128
61,0.png,,0,5,0_ela.jpg,COVERAGE/image_patch_128
61,1.png,,0,5,1_ela.jpg,COVERAGE/image_patch_128
62,0.png,,0,5,0_ela.jpg,COVERAGE/image_patch_128
62,1.png,,0,5,1_ela.jpg,COVERAGE/image_patch_128
62,2.png,,0,5,2_ela.jpg,COVERAGE/image_patch_128
62,3.png,,0,5,3_ela.jpg,COVERAGE/image_patch_128
63,0.png,,0,5,0_ela.jpg,COVERAGE/image_patch_128
63,1.png,,0,5,1_ela.jpg,COVERAGE/image_patch_128
63,2.png,,0,5,2_ela.jpg,COVERAGE/image_patch_128
63,3.png,,0,5,3_ela.jpg,COVERAGE/image_patch_128
63,4.png,,0,5,4_ela.jpg,COVERAGE/image_patch_128
63,5.png,,0,5,5_ela.jpg,COVERAGE/image_patch_128
63,6.png,,0,5,6_ela.jpg,COVERAGE/image_patch_128
63,7.png,,0,5,7_ela.jpg,COVERAGE/image_patch_128
63,8.png,,0,5,8_ela.jpg,COVERAGE/image_patch_128
63,9.png,,0,5,9_ela.jpg,COVERAGE/image_patch_128
64,0.png,,0,5,0_ela.jpg,COVERAGE/image_patch_128
64,1.png,,0,5,1_ela.jpg,COVERAGE/image_patch_128
64,2.png,,0,5,2_ela.jpg,COVERAGE/image_patch_128
64,3.png,,0,5,3_ela.jpg,COVERAGE/image_patch_128
65,0.png,,0,5,0_ela.jpg,COVERAGE/image_patch_128
65,1.png,,0,5,1_ela.jpg,COVERAGE/image_patch_128
65,2.png,,0,5,2_ela.jpg,COVERAGE/image_patch_128
65,3.png,,0,5,3_ela.jpg,COVERAGE/image_patch_128
65,4.png,,0,5,4_ela.jpg,COVERAGE/image_patch_128
65,5.png,,0,5,5_ela.jpg,COVERAGE/image_patch_128
65,6.png,,0,5,6_ela.jpg,COVERAGE/image_patch_128
66,0.png,,0,5,0_ela.jpg,COVERAGE/image_patch_128
66,1.png,,0,5,1_ela.jpg,COVERAGE/image_patch_128
66,2.png,,0,5,2_ela.jpg,COVERAGE/image_patch_128
66,3.png,,0,5,3_ela.jpg,COVERAGE/image_patch_128
66,4.png,,0,5,4_ela.jpg,COVERAGE/image_patch_128
66,5.png,,0,5,5_ela.jpg,COVERAGE/image_patch_128
66,6.png,,0,6,6_ela.jpg,COVERAGE/image_patch_128
67,0.png,,0,6,0_ela.jpg,COVERAGE/image_patch_128
67,1.png,,0,6,1_ela.jpg,COVERAGE/image_patch_128
67,2.png,,0,6,2_ela.jpg,COVERAGE/image_patch_128
67,3.png,,0,6,3_ela.jpg,COVERAGE/image_patch_128
67,4.png,,0,6,4_ela.jpg,COVERAGE/image_patch_128
67,5.png,,0,6,5_ela.jpg,COVERAGE/image_patch_128
67,6.png,,0,6,6_ela.jpg,COVERAGE/image_patch_128
68,0.png,,0,6,0_ela.jpg,COVERAGE/image_patch_128
68,1.png,,0,6,1_ela.jpg,COVERAGE/image_patch_128
68,2.png,,0,6,2_ela.jpg,COVERAGE/image_patch_128
68,3.png,,0,6,3_ela.jpg,COVERAGE/image_patch_128
68,4.png,,0,6,4_ela.jpg,COVERAGE/image_patch_128
68,5.png,,0,6,5_ela.jpg,COVERAGE/image_patch_128
68,6.png,,0,6,6_ela.jpg,COVERAGE/image_patch_128
68,7.png,,0,6,7_ela.jpg,COVERAGE/image_patch_128
68,8.png,,0,6,8_ela.jpg,COVERAGE/image_patch_128
69,0.png,,0,6,0_ela.jpg,COVERAGE/image_patch_128
69,1.png,,0,6,1_ela.jpg,COVERAGE/image_patch_128
69,2.png,,0,6,2_ela.jpg,COVERAGE/image_patch_128
69,3.png,,0,6,3_ela.jpg,COVERAGE/image_patch_128
7,0.png,,0,6,0_ela.jpg,COVERAGE/image_patch_128
7,1.png,,0,6,1_ela.jpg,COVERAGE/image_patch_128
7,2.png,,0,6,2_ela.jpg,COVERAGE/image_patch_128
7,3.png,,0,6,3_ela.jpg,COVERAGE/image_patch_128
7,4.png,,0,6,4_ela.jpg,COVERAGE/image_patch_128
70,0.png,,0,6,0_ela.jpg,COVERAGE/image_patch_128
70,1.png,,0,6,1_ela.jpg,COVERAGE/image_patch_128
70,2.png,,0,6,2_ela.jpg,COVERAGE/image_patch_128
70,3.png,,0,6,3_ela.jpg,COVERAGE/image_patch_128
70,4.png,,0,6,4_ela.jpg,COVERAGE/image_patch_128
70,5.png,,0,6,5_ela.jpg,COVERAGE/image_patch_128
70,6.png,,0,6,6_ela.jpg,COVERAGE/image_patch_128
70,7.png,,0,6,7_ela.jpg,COVERAGE/image_patch_128
70,8.png,,0,6,8_ela.jpg,COVERAGE/image_patch_128
70,9.png,,0,6,9_ela.jpg,COVERAGE/image_patch_128
71,0.png,,0,6,0_ela.jpg,COVERAGE/image_patch_128
71,1.png,,0,6,1_ela.jpg,COVERAGE/image_patch_128
71,2.png,,0,6,2_ela.jpg,COVERAGE/image_patch_128
71,3.png,,0,6,3_ela.jpg,COVERAGE/image_patch_128
71,4.png,,0,6,4_ela.jpg,COVERAGE/image_patch_128
71,5.png,,0,6,5_ela.jpg,COVERAGE/image_patch_128
71,6.png,,0,6,6_ela.jpg,COVERAGE/image_patch_128
71,7.png,,0,6,7_ela.jpg,COVERAGE/image_patch_128
71,8.png,,0,6,8_ela.jpg,COVERAGE/image_patch_128
72,0.png,,0,6,0_ela.jpg,COVERAGE/image_patch_128
72,1.png,,0,6,1_ela.jpg,COVERAGE/image_patch_128
72,2.png,,0,6,2_ela.jpg,COVERAGE/image_patch_128
72,3.png,,0,6,3_ela.jpg,COVERAGE/image_patch_128
72,4.png,,0,6,4_ela.jpg,COVERAGE/image_patch_128
73,0.png,,0,6,0_ela.jpg,COVERAGE/image_patch_128
74,0.png,,0,6,0_ela.jpg,COVERAGE/image_patch_128
74,1.png,,0,6,1_ela.jpg,COVERAGE/image_patch_128
74,2.png,,0,6,2_ela.jpg,COVERAGE/image_patch_128
74,3.png,,0,6,3_ela.jpg,COVERAGE/image_patch_128
74,4.png,,0,6,4_ela.jpg,COVERAGE/image_patch_128
74,5.png,,0,6,5_ela.jpg,COVERAGE/image_patch_128
74,6.png,,0,6,6_ela.jpg,COVERAGE/image_patch_128
75,0.png,,0,6,0_ela.jpg,COVERAGE/image_patch_128
75,1.png,,0,7,1_ela.jpg,COVERAGE/image_patch_128
75,2.png,,0,7,2_ela.jpg,COVERAGE/image_patch_128
75,3.png,,0,7,3_ela.jpg,COVERAGE/image_patch_128
75,4.png,,0,7,4_ela.jpg,COVERAGE/image_patch_128
76,0.png,,0,7,0_ela.jpg,COVERAGE/image_patch_128
76,1.png,,0,7,1_ela.jpg,COVERAGE/image_patch_128
76,2.png,,0,7,2_ela.jpg,COVERAGE/image_patch_128
76,3.png,,0,7,3_ela.jpg,COVERAGE/image_patch_128
76,4.png,,0,7,4_ela.jpg,COVERAGE/image_patch_128
76,5.png,,0,7,5_ela.jpg,COVERAGE/image_patch_128
77,0.png,,0,7,0_ela.jpg,COVERAGE/image_patch_128
77,1.png,,0,7,1_ela.jpg,COVERAGE/image_patch_128
77,2.png,,0,7,2_ela.jpg,COVERAGE/image_patch_128
77,3.png,,0,7,3_ela.jpg,COVERAGE/image_patch_128
77,4.png,,0,7,4_ela.jpg,COVERAGE/image_patch_128
77,5.png,,0,7,5_ela.jpg,COVERAGE/image_patch_128
77,6.png,,0,7,6_ela.jpg,COVERAGE/image_patch_128
77,7.png,,0,7,7_ela.jpg,COVERAGE/image_patch_128
77,8.png,,0,7,8_ela.jpg,COVERAGE/image_patch_128
78,0.png,,0,7,0_ela.jpg,COVERAGE/image_patch_128
78,1.png,,0,7,1_ela.jpg,COVERAGE/image_patch_128
78,2.png,,0,7,2_ela.jpg,COVERAGE/image_patch_128
78,3.png,,0,7,3_ela.jpg,COVERAGE/image_patch_128
79,0.png,,0,7,0_ela.jpg,COVERAGE/image_patch_128
79,1.png,,0,7,1_ela.jpg,COVERAGE/image_patch_128
79,2.png,,0,7,2_ela.jpg,COVERAGE/image_patch_128
79,3.png,,0,7,3_ela.jpg,COVERAGE/image_patch_128
79,4.png,,0,7,4_ela.jpg,COVERAGE/image_patch_128
79,5.png,,0,7,5_ela.jpg,COVERAGE/image_patch_128
79,6.png,,0,7,6_ela.jpg,COVERAGE/image_patch_128
79,7.png,,0,7,7_ela.jpg,COVERAGE/image_patch_128
79,8.png,,0,7,8_ela.jpg,COVERAGE/image_patch_128
79,9.png,,0,7,9_ela.jpg,COVERAGE/image_patch_128
8,0.png,,0,7,0_ela.jpg,COVERAGE/image_patch_128
8,1.png,,0,7,1_ela.jpg,COVERAGE/image_patch_128
8,2.png,,0,7,2_ela.jpg,COVERAGE/image_patch_128
8,3.png,,0,7,3_ela.jpg,COVERAGE/image_patch_128
8,4.png,,0,7,4_ela.jpg,COVERAGE/image_patch_128
80,0.png,,0,7,0_ela.jpg,COVERAGE/image_patch_128
81,0.png,,0,7,0_ela.jpg,COVERAGE/image_patch_128
81,1.png,,0,7,1_ela.jpg,COVERAGE/image_patch_128
81,2.png,,0,7,2_ela.jpg,COVERAGE/image_patch_128
81,3.png,,0,7,3_ela.jpg,COVERAGE/image_patch_128
81,4.png,,0,7,4_ela.jpg,COVERAGE/image_patch_128
81,5.png,,0,7,5_ela.jpg,COVERAGE/image_patch_128
82,0.png,,0,7,0_ela.jpg,COVERAGE/image_patch_128
82,1.png,,0,7,1_ela.jpg,COVERAGE/image_patch_128
82,2.png,,0,7,2_ela.jpg,COVERAGE/image_patch_128
82,3.png,,0,7,3_ela.jpg,COVERAGE/image_patch_128
82,4.png,,0,7,4_ela.jpg,COVERAGE/image_patch_128
82,5.png,,0,7,5_ela.jpg,COVERAGE/image_patch_128
82,6.png,,0,7,6_ela.jpg,COVERAGE/image_patch_128
82,7.png,,0,7,7_ela.jpg,COVERAGE/image_patch_128
82,8.png,,0,7,8_ela.jpg,COVERAGE/image_patch_128
82,9.png,,0,7,9_ela.jpg,COVERAGE/image_patch_128
83,0.png,,0,7,0_ela.jpg,COVERAGE/image_patch_128
83,1.png,,0,7,1_ela.jpg,COVERAGE/image_patch_128
83,2.png,,0,7,2_ela.jpg,COVERAGE/image_patch_128
83,3.png,,0,7,3_ela.jpg,COVERAGE/image_patch_128
83,4.png,,0,8,4_ela.jpg,COVERAGE/image_patch_128
84,0.png,,0,8,0_ela.jpg,COVERAGE/image_patch_128
84,1.png,,0,8,1_ela.jpg,COVERAGE/image_patch_128
84,2.png,,0,8,2_ela.jpg,COVERAGE/image_patch_128
84,3.png,,0,8,3_ela.jpg,COVERAGE/image_patch_128
84,4.png,,0,8,4_ela.jpg,COVERAGE/image_patch_128
84,5.png,,0,8,5_ela.jpg,COVERAGE/image_patch_128
84,6.png,,0,8,6_ela.jpg,COVERAGE/image_patch_128
85,0.png,,0,8,0_ela.jpg,COVERAGE/image_patch_128
85,1.png,,0,8,1_ela.jpg,COVERAGE/image_patch_128
85,2.png,,0,8,2_ela.jpg,COVERAGE/image_patch_128
85,3.png,,0,8,3_ela.jpg,COVERAGE/image_patch_128
85,4.png,,0,8,4_ela.jpg,COVERAGE/image_patch_128
85,5.png,,0,8,5_ela.jpg,COVERAGE/image_patch_128
85,6.png,,0,8,6_ela.jpg,COVERAGE/image_patch_128
85,7.png,,0,8,7_ela.jpg,COVERAGE/image_patch_128
85,8.png,,0,8,8_ela.jpg,COVERAGE/image_patch_128
86,0.png,,0,8,0_ela.jpg,COVERAGE/image_patch_128
86,1.png,,0,8,1_ela.jpg,COVERAGE/image_patch_128
86,2.png,,0,8,2_ela.jpg,COVERAGE/image_patch_128
86,3.png,,0,8,3_ela.jpg,COVERAGE/image_patch_128
86,4.png,,0,8,4_ela.jpg,COVERAGE/image_patch_128
86,5.png,,0,8,5_ela.jpg,COVERAGE/image_patch_128
86,6.png,,0,8,6_ela.jpg,COVERAGE/image_patch_128
86,7.png,,0,8,7_ela.jpg,COVERAGE/image_patch_128
86,8.png,,0,8,8_ela.jpg,COVERAGE/image_patch_128
86,9.png,,0,8,9_ela.jpg,COVERAGE/image_patch_128
87,0.png,,0,8,0_ela.jpg,COVERAGE/image_patch_128
87,1.png,,0,8,1_ela.jpg,COVERAGE/image_patch_128
87,2.png,,0,8,2_ela.jpg,COVERAGE/image_patch_128
87,3.png,,0,8,3_ela.jpg,COVERAGE/image_patch_128
87,4.png,,0,8,4_ela.jpg,COVERAGE/image_patch_128
87,5.png,,0,8,5_ela.jpg,COVERAGE/image_patch_128
88,0.png,,0,8,0_ela.jpg,COVERAGE/image_patch_128
88,1.png,,0,8,1_ela.jpg,COVERAGE/image_patch_128
88,2.png,,0,8,2_ela.jpg,COVERAGE/image_patch_128
88,3.png,,0,8,3_ela.jpg,COVERAGE/image_patch_128
88,4.png,,0,8,4_ela.jpg,COVERAGE/image_patch_128
88,5.png,,0,8,5_ela.jpg,COVERAGE/image_patch_128
88,6.png,,0,8,6_ela.jpg,COVERAGE/image_patch_128
89,0.png,,0,8,0_ela.jpg,COVERAGE/image_patch_128
89,1.png,,0,8,1_ela.jpg,COVERAGE/image_patch_128
89,2.png,,0,8,2_ela.jpg,COVERAGE/image_patch_128
89,3.png,,0,8,3_ela.jpg,COVERAGE/image_patch_128
89,4.png,,0,8,4_ela.jpg,COVERAGE/image_patch_128
89,5.png,,0,8,5_ela.jpg,COVERAGE/image_patch_128
89,6.png,,0,8,6_ela.jpg,COVERAGE/image_patch_128
89,7.png,,0,8,7_ela.jpg,COVERAGE/image_patch_128
9,0.png,,0,8,0_ela.jpg,COVERAGE/image_patch_128
9,1.png,,0,8,1_ela.jpg,COVERAGE/image_patch_128
9,2.png,,0,8,2_ela.jpg,COVERAGE/image_patch_128
9,3.png,,0,8,3_ela.jpg,COVERAGE/image_patch_128
9,4.png,,0,8,4_ela.jpg,COVERAGE/image_patch_128
9,5.png,,0,8,5_ela.jpg,COVERAGE/image_patch_128
9,6.png,,0,8,6_ela.jpg,COVERAGE/image_patch_128
90,0.png,,0,8,0_ela.jpg,COVERAGE/image_patch_128
90,1.png,,0,8,1_ela.jpg,COVERAGE/image_patch_128
90,2.png,,0,8,2_ela.jpg,COVERAGE/image_patch_128
90,3.png,,0,8,3_ela.jpg,COVERAGE/image_patch_128
90,4.png,,0,9,4_ela.jpg,COVERAGE/image_patch_128
90,5.png,,0,9,5_ela.jpg,COVERAGE/image_patch_128
90,6.png,,0,9,6_ela.jpg,COVERAGE/image_patch_128
90,7.png,,0,9,7_ela.jpg,COVERAGE/image_patch_128
90,8.png,,0,9,8_ela.jpg,COVERAGE/image_patch_128
90,9.png,,0,9,9_ela.jpg,COVERAGE/image_patch_128
91,0.png,,0,9,0_ela.jpg,COVERAGE/image_patch_128
91,1.png,,0,9,1_ela.jpg,COVERAGE/image_patch_128
91,2.png,,0,9,2_ela.jpg,COVERAGE/image_patch_128
91,3.png,,0,9,3_ela.jpg,COVERAGE/image_patch_128
91,4.png,,0,9,4_ela.jpg,COVERAGE/image_patch_128
91,5.png,,0,9,5_ela.jpg,COVERAGE/image_patch_128
91,6.png,,0,9,6_ela.jpg,COVERAGE/image_patch_128
91,7.png,,0,9,7_ela.jpg,COVERAGE/image_patch_128
91,8.png,,0,9,8_ela.jpg,COVERAGE/image_patch_128
92,0.png,,0,9,0_ela.jpg,COVERAGE/image_patch_128
92,1.png,,0,9,1_ela.jpg,COVERAGE/image_patch_128
92,2.png,,0,9,2_ela.jpg,COVERAGE/image_patch_128
92,3.png,,0,9,3_ela.jpg,COVERAGE/image_patch_128
93,0.png,,0,9,0_ela.jpg,COVERAGE/image_patch_128
93,1.png,,0,9,1_ela.jpg,COVERAGE/image_patch_128
93,2.png,,0,9,2_ela.jpg,COVERAGE/image_patch_128
93,3.png,,0,9,3_ela.jpg,COVERAGE/image_patch_128
94,0.png,,0,9,0_ela.jpg,COVERAGE/image_patch_128
94,1.png,,0,9,1_ela.jpg,COVERAGE/image_patch_128
94,2.png,,0,9,2_ela.jpg,COVERAGE/image_patch_128
94,3.png,,0,9,3_ela.jpg,COVERAGE/image_patch_128
94,4.png,,0,9,4_ela.jpg,COVERAGE/image_patch_128
94,5.png,,0,9,5_ela.jpg,COVERAGE/image_patch_128
94,6.png,,0,9,6_ela.jpg,COVERAGE/image_patch_128
94,7.png,,0,9,7_ela.jpg,COVERAGE/image_patch_128
95,0.png,,0,9,0_ela.jpg,COVERAGE/image_patch_128
95,1.png,,0,9,1_ela.jpg,COVERAGE/image_patch_128
95,2.png,,0,9,2_ela.jpg,COVERAGE/image_patch_128
95,3.png,,0,9,3_ela.jpg,COVERAGE/image_patch_128
96,0.png,,0,9,0_ela.jpg,COVERAGE/image_patch_128
96,1.png,,0,9,1_ela.jpg,COVERAGE/image_patch_128
96,2.png,,0,9,2_ela.jpg,COVERAGE/image_patch_128
96,3.png,,0,9,3_ela.jpg,COVERAGE/image_patch_128
97,0.png,,0,9,0_ela.jpg,COVERAGE/image_patch_128
97,1.png,,0,9,1_ela.jpg,COVERAGE/image_patch_128
97,2.png,,0,9,2_ela.jpg,COVERAGE/image_patch_128
97,3.png,,0,9,3_ela.jpg,COVERAGE/image_patch_128
97,4.png,,0,9,4_ela.jpg,COVERAGE/image_patch_128
97,5.png,,0,9,5_ela.jpg,COVERAGE/image_patch_128
98,0.png,,0,9,0_ela.jpg,COVERAGE/image_patch_128
98,1.png,,0,9,1_ela.jpg,COVERAGE/image_patch_128
98,2.png,,0,9,2_ela.jpg,COVERAGE/image_patch_128
98,3.png,,0,9,3_ela.jpg,COVERAGE/image_patch_128
98,4.png,,0,9,4_ela.jpg,COVERAGE/image_patch_128
98,5.png,,0,9,5_ela.jpg,COVERAGE/image_patch_128
98,6.png,,0,9,6_ela.jpg,COVERAGE/image_patch_128
98,7.png,,0,9,7_ela.jpg,COVERAGE/image_patch_128
99,0.png,,0,9,0_ela.jpg,COVERAGE/image_patch_128
99,1.png,,0,9,1_ela.jpg,COVERAGE/image_patch_128
99,2.png,,0,9,2_ela.jpg,COVERAGE/image_patch_128
99,3.png,,0,9,3_ela.jpg,COVERAGE/image_patch_128
99,4.png,,0,9,4_ela.jpg,COVERAGE/image_patch_128
99,5.png,,0,9,5_ela.jpg,COVERAGE/image_patch_128
100t,0.png,0_gt.png,1,0,0_ela.jpg,COVERAGE/image_patch_128
100t,1.png,1_gt.png,1,0,1_ela.jpg,COVERAGE/image_patch_128
100t,2.png,2_gt.png,1,0,2_ela.jpg,COVERAGE/image_patch_128
100t,3.png,3_gt.png,1,0,3_ela.jpg,COVERAGE/image_patch_128
100t,4.png,4_gt.png,1,0,4_ela.jpg,COVERAGE/image_patch_128
100t,5.png,5_gt.png,1,0,5_ela.jpg,COVERAGE/image_patch_128
100t,6.png,6_gt.png,1,0,6_ela.jpg,COVERAGE/image_patch_128
100t,7.png,7_gt.png,1,0,7_ela.jpg,COVERAGE/image_patch_128
100t,8.png,8_gt.png,1,0,8_ela.jpg,COVERAGE/image_patch_128
100t,9.png,9_gt.png,1,0,9_ela.jpg,COVERAGE/image_patch_128
10t,0.png,0_gt.png,1,0,0_ela.jpg,COVERAGE/image_patch_128
11t,0.png,0_gt.png,1,0,0_ela.jpg,COVERAGE/image_patch_128
11t,1.png,1_gt.png,1,0,1_ela.jpg,COVERAGE/image_patch_128
11t,2.png,2_gt.png,1,0,2_ela.jpg,COVERAGE/image_patch_128
11t,3.png,3_gt.png,1,0,3_ela.jpg,COVERAGE/image_patch_128
11t,4.png,4_gt.png,1,0,4_ela.jpg,COVERAGE/image_patch_128
11t,5.png,5_gt.png,1,0,5_ela.jpg,COVERAGE/image_patch_128
11t,6.png,6_gt.png,1,0,6_ela.jpg,COVERAGE/image_patch_128
12t,0.png,0_gt.png,1,0,0_ela.jpg,COVERAGE/image_patch_128
12t,1.png,1_gt.png,1,0,1_ela.jpg,COVERAGE/image_patch_128
12t,2.png,2_gt.png,1,0,2_ela.jpg,COVERAGE/image_patch_128
12t,3.png,3_gt.png,1,0,3_ela.jpg,COVERAGE/image_patch_128
12t,4.png,4_gt.png,1,0,4_ela.jpg,COVERAGE/image_patch_128
12t,5.png,5_gt.png,1,0,5_ela.jpg,COVERAGE/image_patch_128
12t,6.png,6_gt.png,1,0,6_ela.jpg,COVERAGE/image_patch_128
12t,7.png,7_gt.png,1,0,7_ela.jpg,COVERAGE/image_patch_128
12t,8.png,8_gt.png,1,0,8_ela.jpg,COVERAGE/image_patch_128
12t,9.png,9_gt.png,1,0,9_ela.jpg,COVERAGE/image_patch_128
13t,0.png,0_gt.png,1,0,0_ela.jpg,COVERAGE/image_patch_128
13t,1.png,1_gt.png,1,0,1_ela.jpg,COVERAGE/image_patch_128
13t,2.png,2_gt.png,1,0,2_ela.jpg,COVERAGE/image_patch_128
13t,3.png,3_gt.png,1,0,3_ela.jpg,COVERAGE/image_patch_128
13t,4.png,4_gt.png,1,0,4_ela.jpg,COVERAGE/image_patch_128
13t,5.png,5_gt.png,1,0,5_ela.jpg,COVERAGE/image_patch_128
14t,0.png,0_gt.png,1,0,0_ela.jpg,COVERAGE/image_patch_128
14t,1.png,1_gt.png,1,0,1_ela.jpg,COVERAGE/image_patch_128
14t,2.png,2_gt.png,1,0,2_ela.jpg,COVERAGE/image_patch_128
14t,3.png,3_gt.png,1,0,3_ela.jpg,COVERAGE/image_patch_128
14t,4.png,4_gt.png,1,0,4_ela.jpg,COVERAGE/image_patch_128
14t,5.png,5_gt.png,1,0,5_ela.jpg,COVERAGE/image_patch_128
15t,0.png,0_gt.png,1,0,0_ela.jpg,COVERAGE/image_patch_128
15t,1.png,1_gt.png,1,0,1_ela.jpg,COVERAGE/image_patch_128
15t,2.png,2_gt.png,1,0,2_ela.jpg,COVERAGE/image_patch_128
15t,3.png,3_gt.png,1,0,3_ela.jpg,COVERAGE/image_patch_128
15t,4.png,4_gt.png,1,0,4_ela.jpg,COVERAGE/image_patch_128
16t,0.png,0_gt.png,1,0,0_ela.jpg,COVERAGE/image_patch_128
16t,1.png,1_gt.png,1,0,1_ela.jpg,COVERAGE/image_patch_128
16t,2.png,2_gt.png,1,0,2_ela.jpg,COVERAGE/image_patch_128
16t,3.png,3_gt.png,1,0,3_ela.jpg,COVERAGE/image_patch_128
16t,4.png,4_gt.png,1,0,4_ela.jpg,COVERAGE/image_patch_128
17t,0.png,0_gt.png,1,0,0_ela.jpg,COVERAGE/image_patch_128
17t,1.png,1_gt.png,1,0,1_ela.jpg,COVERAGE/image_patch_128
17t,2.png,2_gt.png,1,0,2_ela.jpg,COVERAGE/image_patch_128
17t,3.png,3_gt.png,1,0,3_ela.jpg,COVERAGE/image_patch_128
17t,4.png,4_gt.png,1,0,4_ela.jpg,COVERAGE/image_patch_128
17t,5.png,5_gt.png,1,0,5_ela.jpg,COVERAGE/image_patch_128
17t,6.png,6_gt.png,1,0,6_ela.jpg,COVERAGE/image_patch_128
18t,0.png,0_gt.png,1,0,0_ela.jpg,COVERAGE/image_patch_128
18t,1.png,1_gt.png,1,0,1_ela.jpg,COVERAGE/image_patch_128
18t,2.png,2_gt.png,1,0,2_ela.jpg,COVERAGE/image_patch_128
18t,3.png,3_gt.png,1,0,3_ela.jpg,COVERAGE/image_patch_128
18t,4.png,4_gt.png,1,0,4_ela.jpg,COVERAGE/image_patch_128
18t,5.png,5_gt.png,1,0,5_ela.jpg,COVERAGE/image_patch_128
18t,6.png,6_gt.png,1,0,6_ela.jpg,COVERAGE/image_patch_128
18t,7.png,7_gt.png,1,0,7_ela.jpg,COVERAGE/image_patch_128
19t,0.png,0_gt.png,1,0,0_ela.jpg,COVERAGE/image_patch_128
19t,1.png,1_gt.png,1,0,1_ela.jpg,COVERAGE/image_patch_128
19t,2.png,2_gt.png,1,0,2_ela.jpg,COVERAGE/image_patch_128
19t,3.png,3_gt.png,1,0,3_ela.jpg,COVERAGE/image_patch_128
19t,4.png,4_gt.png,1,0,4_ela.jpg,COVERAGE/image_patch_128
19t,5.png,5_gt.png,1,0,5_ela.jpg,COVERAGE/image_patch_128
19t,6.png,6_gt.png,1,0,6_ela.jpg,COVERAGE/image_patch_128
1t,0.png,0_gt.png,1,0,0_ela.jpg,COVERAGE/image_patch_128
1t,1.png,1_gt.png,1,0,1_ela.jpg,COVERAGE/image_patch_128
1t,2.png,2_gt.png,1,0,2_ela.jpg,COVERAGE/image_patch_128
1t,3.png,3_gt.png,1,0,3_ela.jpg,COVERAGE/image_patch_128
1t,4.png,4_gt.png,1,0,4_ela.jpg,COVERAGE/image_patch_128
1t,5.png,5_gt.png,1,0,5_ela.jpg,COVERAGE/image_patch_128
1t,6.png,6_gt.png,1,0,6_ela.jpg,COVERAGE/image_patch_128
20t,0.png,0_gt.png,1,0,0_ela.jpg,COVERAGE/image_patch_128
20t,1.png,1_gt.png,1,0,1_ela.jpg,COVERAGE/image_patch_128
20t,2.png,2_gt.png,1,0,2_ela.jpg,COVERAGE/image_patch_128
20t,3.png,3_gt.png,1,0,3_ela.jpg,COVERAGE/image_patch_128
20t,4.png,4_gt.png,1,0,4_ela.jpg,COVERAGE/image_patch_128
20t,5.png,5_gt.png,1,0,5_ela.jpg,COVERAGE/image_patch_128
20t,6.png,6_gt.png,1,0,6_ela.jpg,COVERAGE/image_patch_128
20t,7.png,7_gt.png,1,0,7_ela.jpg,COVERAGE/image_patch_128
20t,8.png,8_gt.png,1,0,8_ela.jpg,COVERAGE/image_patch_128
20t,9.png,9_gt.png,1,0,9_ela.jpg,COVERAGE/image_patch_128
21t,0.png,0_gt.png,1,0,0_ela.jpg,COVERAGE/image_patch_128
22t,0.png,0_gt.png,1,0,0_ela.jpg,COVERAGE/image_patch_128
22t,1.png,1_gt.png,1,0,1_ela.jpg,COVERAGE/image_patch_128
22t,2.png,2_gt.png,1,0,2_ela.jpg,COVERAGE/image_patch_128
22t,3.png,3_gt.png,1,0,3_ela.jpg,COVERAGE/image_patch_128
23t,0.png,0_gt.png,1,0,0_ela.jpg,COVERAGE/image_patch_128
23t,1.png,1_gt.png,1,0,1_ela.jpg,COVERAGE/image_patch_128
23t,2.png,2_gt.png,1,0,2_ela.jpg,COVERAGE/image_patch_128
23t,3.png,3_gt.png,1,0,3_ela.jpg,COVERAGE/image_patch_128
23t,4.png,4_gt.png,1,0,4_ela.jpg,COVERAGE/image_patch_128
23t,5.png,5_gt.png,1,0,5_ela.jpg,COVERAGE/image_patch_128
23t,6.png,6_gt.png,1,0,6_ela.jpg,COVERAGE/image_patch_128
23t,7.png,7_gt.png,1,0,7_ela.jpg,COVERAGE/image_patch_128
24t,0.png,0_gt.png,1,0,0_ela.jpg,COVERAGE/image_patch_128
24t,1.png,1_gt.png,1,0,1_ela.jpg,COVERAGE/image_patch_128
24t,2.png,2_gt.png,1,0,2_ela.jpg,COVERAGE/image_patch_128
24t,3.png,3_gt.png,1,0,3_ela.jpg,COVERAGE/image_patch_128
24t,4.png,4_gt.png,1,1,4_ela.jpg,COVERAGE/image_patch_128
24t,5.png,5_gt.png,1,1,5_ela.jpg,COVERAGE/image_patch_128
24t,6.png,6_gt.png,1,1,6_ela.jpg,COVERAGE/image_patch_128
24t,7.png,7_gt.png,1,1,7_ela.jpg,COVERAGE/image_patch_128
25t,0.png,0_gt.png,1,1,0_ela.jpg,COVERAGE/image_patch_128
25t,1.png,1_gt.png,1,1,1_ela.jpg,COVERAGE/image_patch_128
25t,2.png,2_gt.png,1,1,2_ela.jpg,COVERAGE/image_patch_128
25t,3.png,3_gt.png,1,1,3_ela.jpg,COVERAGE/image_patch_128
25t,4.png,4_gt.png,1,1,4_ela.jpg,COVERAGE/image_patch_128
25t,5.png,5_gt.png,1,1,5_ela.jpg,COVERAGE/image_patch_128
25t,6.png,6_gt.png,1,1,6_ela.jpg,COVERAGE/image_patch_128
25t,7.png,7_gt.png,1,1,7_ela.jpg,COVERAGE/image_patch_128
25t,8.png,8_gt.png,1,1,8_ela.jpg,COVERAGE/image_patch_128
25t,9.png,9_gt.png,1,1,9_ela.jpg,COVERAGE/image_patch_128
26t,0.png,0_gt.png,1,1,0_ela.jpg,COVERAGE/image_patch_128
26t,1.png,1_gt.png,1,1,1_ela.jpg,COVERAGE/image_patch_128
26t,10.png,10_gt.png,1,1,10_ela.jpg,COVERAGE/image_patch_128
26t,11.png,11_gt.png,1,1,11_ela.jpg,COVERAGE/image_patch_128
26t,12.png,12_gt.png,1,1,12_ela.jpg,COVERAGE/image_patch_128
26t,13.png,13_gt.png,1,1,13_ela.jpg,COVERAGE/image_patch_128
26t,14.png,14_gt.png,1,1,14_ela.jpg,COVERAGE/image_patch_128
26t,2.png,2_gt.png,1,1,2_ela.jpg,COVERAGE/image_patch_128
26t,3.png,3_gt.png,1,1,3_ela.jpg,COVERAGE/image_patch_128
26t,4.png,4_gt.png,1,1,4_ela.jpg,COVERAGE/image_patch_128
26t,5.png,5_gt.png,1,1,5_ela.jpg,COVERAGE/image_patch_128
26t,6.png,6_gt.png,1,1,6_ela.jpg,COVERAGE/image_patch_128
26t,7.png,7_gt.png,1,1,7_ela.jpg,COVERAGE/image_patch_128
26t,8.png,8_gt.png,1,1,8_ela.jpg,COVERAGE/image_patch_128
26t,9.png,9_gt.png,1,1,9_ela.jpg,COVERAGE/image_patch_128
27t,0.png,0_gt.png,1,1,0_ela.jpg,COVERAGE/image_patch_128
27t,1.png,1_gt.png,1,1,1_ela.jpg,COVERAGE/image_patch_128
27t,2.png,2_gt.png,1,1,2_ela.jpg,COVERAGE/image_patch_128
27t,3.png,3_gt.png,1,1,3_ela.jpg,COVERAGE/image_patch_128
27t,4.png,4_gt.png,1,1,4_ela.jpg,COVERAGE/image_patch_128
27t,5.png,5_gt.png,1,1,5_ela.jpg,COVERAGE/image_patch_128
27t,6.png,6_gt.png,1,1,6_ela.jpg,COVERAGE/image_patch_128
28t,0.png,0_gt.png,1,1,0_ela.jpg,COVERAGE/image_patch_128
28t,1.png,1_gt.png,1,1,1_ela.jpg,COVERAGE/image_patch_128
28t,2.png,2_gt.png,1,1,2_ela.jpg,COVERAGE/image_patch_128
29t,0.png,0_gt.png,1,1,0_ela.jpg,COVERAGE/image_patch_128
29t,1.png,1_gt.png,1,1,1_ela.jpg,COVERAGE/image_patch_128
29t,10.png,10_gt.png,1,1,10_ela.jpg,COVERAGE/image_patch_128
29t,2.png,2_gt.png,1,1,2_ela.jpg,COVERAGE/image_patch_128
29t,3.png,3_gt.png,1,1,3_ela.jpg,COVERAGE/image_patch_128
29t,4.png,4_gt.png,1,1,4_ela.jpg,COVERAGE/image_patch_128
29t,5.png,5_gt.png,1,1,5_ela.jpg,COVERAGE/image_patch_128
29t,6.png,6_gt.png,1,1,6_ela.jpg,COVERAGE/image_patch_128
29t,7.png,7_gt.png,1,1,7_ela.jpg,COVERAGE/image_patch_128
29t,8.png,8_gt.png,1,1,8_ela.jpg,COVERAGE/image_patch_128
29t,9.png,9_gt.png,1,1,9_ela.jpg,COVERAGE/image_patch_128
2t,0.png,0_gt.png,1,1,0_ela.jpg,COVERAGE/image_patch_128
2t,1.png,1_gt.png,1,1,1_ela.jpg,COVERAGE/image_patch_128
2t,2.png,2_gt.png,1,1,2_ela.jpg,COVERAGE/image_patch_128
2t,3.png,3_gt.png,1,1,3_ela.jpg,COVERAGE/image_patch_128
2t,4.png,4_gt.png,1,1,4_ela.jpg,COVERAGE/image_patch_128
2t,5.png,5_gt.png,1,1,5_ela.jpg,COVERAGE/image_patch_128
2t,6.png,6_gt.png,1,1,6_ela.jpg,COVERAGE/image_patch_128
2t,7.png,7_gt.png,1,1,7_ela.jpg,COVERAGE/image_patch_128
2t,8.png,8_gt.png,1,1,8_ela.jpg,COVERAGE/image_patch_128
30t,0.png,0_gt.png,1,1,0_ela.jpg,COVERAGE/image_patch_128
31t,0.png,0_gt.png,1,1,0_ela.jpg,COVERAGE/image_patch_128
31t,1.png,1_gt.png,1,1,1_ela.jpg,COVERAGE/image_patch_128
31t,2.png,2_gt.png,1,1,2_ela.jpg,COVERAGE/image_patch_128
31t,3.png,3_gt.png,1,1,3_ela.jpg,COVERAGE/image_patch_128
31t,4.png,4_gt.png,1,1,4_ela.jpg,COVERAGE/image_patch_128
31t,5.png,5_gt.png,1,1,5_ela.jpg,COVERAGE/image_patch_128
31t,6.png,6_gt.png,1,1,6_ela.jpg,COVERAGE/image_patch_128
31t,7.png,7_gt.png,1,1,7_ela.jpg,COVERAGE/image_patch_128
31t,8.png,8_gt.png,1,1,8_ela.jpg,COVERAGE/image_patch_128
32t,0.png,0_gt.png,1,1,0_ela.jpg,COVERAGE/image_patch_128
32t,1.png,1_gt.png,1,1,1_ela.jpg,COVERAGE/image_patch_128
32t,2.png,2_gt.png,1,1,2_ela.jpg,COVERAGE/image_patch_128
32t,3.png,3_gt.png,1,1,3_ela.jpg,COVERAGE/image_patch_128
33t,0.png,0_gt.png,1,1,0_ela.jpg,COVERAGE/image_patch_128
33t,1.png,1_gt.png,1,1,1_ela.jpg,COVERAGE/image_patch_128
33t,2.png,2_gt.png,1,1,2_ela.jpg,COVERAGE/image_patch_128
33t,3.png,3_gt.png,1,1,3_ela.jpg,COVERAGE/image_patch_128
33t,4.png,4_gt.png,1,1,4_ela.jpg,COVERAGE/image_patch_128
33t,5.png,5_gt.png,1,1,5_ela.jpg,COVERAGE/image_patch_128
33t,6.png,6_gt.png,1,1,6_ela.jpg,COVERAGE/image_patch_128
33t,7.png,7_gt.png,1,1,7_ela.jpg,COVERAGE/image_patch_128
34t,0.png,0_gt.png,1,1,0_ela.jpg,COVERAGE/image_patch_128
35t,0.png,0_gt.png,1,1,0_ela.jpg,COVERAGE/image_patch_128
35t,1.png,1_gt.png,1,1,1_ela.jpg,COVERAGE/image_patch_128
35t,2.png,2_gt.png,1,1,2_ela.jpg,COVERAGE/image_patch_128
36t,0.png,0_gt.png,1,1,0_ela.jpg,COVERAGE/image_patch_128
36t,1.png,1_gt.png,1,1,1_ela.jpg,COVERAGE/image_patch_128
36t,10.png,10_gt.png,1,1,10_ela.jpg,COVERAGE/image_patch_128
36t,11.png,11_gt.png,1,1,11_ela.jpg,COVERAGE/image_patch_128
36t,2.png,2_gt.png,1,1,2_ela.jpg,COVERAGE/image_patch_128
36t,3.png,3_gt.png,1,1,3_ela.jpg,COVERAGE/image_patch_128
36t,4.png,4_gt.png,1,1,4_ela.jpg,COVERAGE/image_patch_128
36t,5.png,5_gt.png,1,1,5_ela.jpg,COVERAGE/image_patch_128
36t,6.png,6_gt.png,1,1,6_ela.jpg,COVERAGE/image_patch_128
36t,7.png,7_gt.png,1,1,7_ela.jpg,COVERAGE/image_patch_128
36t,8.png,8_gt.png,1,1,8_ela.jpg,COVERAGE/image_patch_128
36t,9.png,9_gt.png,1,1,9_ela.jpg,COVERAGE/image_patch_128
37t,0.png,0_gt.png,1,1,0_ela.jpg,COVERAGE/image_patch_128
37t,1.png,1_gt.png,1,1,1_ela.jpg,COVERAGE/image_patch_128
37t,2.png,2_gt.png,1,1,2_ela.jpg,COVERAGE/image_patch_128
37t,3.png,3_gt.png,1,1,3_ela.jpg,COVERAGE/image_patch_128
37t,4.png,4_gt.png,1,1,4_ela.jpg,COVERAGE/image_patch_128
37t,5.png,5_gt.png,1,1,5_ela.jpg,COVERAGE/image_patch_128
37t,6.png,6_gt.png,1,1,6_ela.jpg,COVERAGE/image_patch_128
37t,7.png,7_gt.png,1,1,7_ela.jpg,COVERAGE/image_patch_128
37t,8.png,8_gt.png,1,1,8_ela.jpg,COVERAGE/image_patch_128
38t,0.png,0_gt.png,1,2,0_ela.jpg,COVERAGE/image_patch_128
38t,1.png,1_gt.png,1,2,1_ela.jpg,COVERAGE/image_patch_128
38t,2.png,2_gt.png,1,2,2_ela.jpg,COVERAGE/image_patch_128
38t,3.png,3_gt.png,1,2,3_ela.jpg,COVERAGE/image_patch_128
39t,0.png,0_gt.png,1,2,0_ela.jpg,COVERAGE/image_patch_128
39t,1.png,1_gt.png,1,2,1_ela.jpg,COVERAGE/image_patch_128
39t,2.png,2_gt.png,1,2,2_ela.jpg,COVERAGE/image_patch_128
39t,3.png,3_gt.png,1,2,3_ela.jpg,COVERAGE/image_patch_128
39t,4.png,4_gt.png,1,2,4_ela.jpg,COVERAGE/image_patch_128
3t,0.png,0_gt.png,1,2,0_ela.jpg,COVERAGE/image_patch_128
3t,1.png,1_gt.png,1,2,1_ela.jpg,COVERAGE/image_patch_128
3t,2.png,2_gt.png,1,2,2_ela.jpg,COVERAGE/image_patch_128
3t,3.png,3_gt.png,1,2,3_ela.jpg,COVERAGE/image_patch_128
3t,4.png,4_gt.png,1,2,4_ela.jpg,COVERAGE/image_patch_128
3t,5.png,5_gt.png,1,2,5_ela.jpg,COVERAGE/image_patch_128
3t,6.png,6_gt.png,1,2,6_ela.jpg,COVERAGE/image_patch_128
3t,7.png,7_gt.png,1,2,7_ela.jpg,COVERAGE/image_patch_128
40t,0.png,0_gt.png,1,2,0_ela.jpg,COVERAGE/image_patch_128
40t,1.png,1_gt.png,1,2,1_ela.jpg,COVERAGE/image_patch_128
41t,0.png,0_gt.png,1,2,0_ela.jpg,COVERAGE/image_patch_128
41t,1.png,1_gt.png,1,2,1_ela.jpg,COVERAGE/image_patch_128
41t,2.png,2_gt.png,1,2,2_ela.jpg,COVERAGE/image_patch_128
42t,0.png,0_gt.png,1,2,0_ela.jpg,COVERAGE/image_patch_128
42t,1.png,1_gt.png,1,2,1_ela.jpg,COVERAGE/image_patch_128
42t,2.png,2_gt.png,1,2,2_ela.jpg,COVERAGE/image_patch_128
42t,3.png,3_gt.png,1,2,3_ela.jpg,COVERAGE/image_patch_128
42t,4.png,4_gt.png,1,2,4_ela.jpg,COVERAGE/image_patch_128
42t,5.png,5_gt.png,1,2,5_ela.jpg,COVERAGE/image_patch_128
42t,6.png,6_gt.png,1,2,6_ela.jpg,COVERAGE/image_patch_128
43t,0.png,0_gt.png,1,2,0_ela.jpg,COVERAGE/image_patch_128
43t,1.png,1_gt.png,1,2,1_ela.jpg,COVERAGE/image_patch_128
43t,2.png,2_gt.png,1,2,2_ela.jpg,COVERAGE/image_patch_128
43t,3.png,3_gt.png,1,2,3_ela.jpg,COVERAGE/image_patch_128
44t,0.png,0_gt.png,1,2,0_ela.jpg,COVERAGE/image_patch_128
44t,1.png,1_gt.png,1,2,1_ela.jpg,COVERAGE/image_patch_128
44t,10.png,10_gt.png,1,2,10_ela.jpg,COVERAGE/image_patch_128
44t,11.png,11_gt.png,1,2,11_ela.jpg,COVERAGE/image_patch_128
44t,12.png,12_gt.png,1,2,12_ela.jpg,COVERAGE/image_patch_128
44t,13.png,13_gt.png,1,2,13_ela.jpg,COVERAGE/image_patch_128
44t,14.png,14_gt.png,1,2,14_ela.jpg,COVERAGE/image_patch_128
44t,15.png,15_gt.png,1,2,15_ela.jpg,COVERAGE/image_patch_128
44t,16.png,16_gt.png,1,2,16_ela.jpg,COVERAGE/image_patch_128
44t,17.png,17_gt.png,1,2,17_ela.jpg,COVERAGE/image_patch_128
44t,18.png,18_gt.png,1,2,18_ela.jpg,COVERAGE/image_patch_128
44t,19.png,19_gt.png,1,2,19_ela.jpg,COVERAGE/image_patch_128
44t,2.png,2_gt.png,1,2,2_ela.jpg,COVERAGE/image_patch_128
44t,20.png,20_gt.png,1,2,20_ela.jpg,COVERAGE/image_patch_128
44t,21.png,21_gt.png,1,2,21_ela.jpg,COVERAGE/image_patch_128
44t,22.png,22_gt.png,1,2,22_ela.jpg,COVERAGE/image_patch_128
44t,23.png,23_gt.png,1,2,23_ela.jpg,COVERAGE/image_patch_128
44t,24.png,24_gt.png,1,2,24_ela.jpg,COVERAGE/image_patch_128
44t,25.png,25_gt.png,1,2,25_ela.jpg,COVERAGE/image_patch_128
44t,26.png,26_gt.png,1,2,26_ela.jpg,COVERAGE/image_patch_128
44t,27.png,27_gt.png,1,2,27_ela.jpg,COVERAGE/image_patch_128
44t,28.png,28_gt.png,1,2,28_ela.jpg,COVERAGE/image_patch_128
44t,29.png,29_gt.png,1,2,29_ela.jpg,COVERAGE/image_patch_128
44t,3.png,3_gt.png,1,2,3_ela.jpg,COVERAGE/image_patch_128
44t,30.png,30_gt.png,1,2,30_ela.jpg,COVERAGE/image_patch_128
44t,31.png,31_gt.png,1,2,31_ela.jpg,COVERAGE/image_patch_128
44t,32.png,32_gt.png,1,2,32_ela.jpg,COVERAGE/image_patch_128
44t,33.png,33_gt.png,1,2,33_ela.jpg,COVERAGE/image_patch_128
44t,34.png,34_gt.png,1,2,34_ela.jpg,COVERAGE/image_patch_128
44t,35.png,35_gt.png,1,2,35_ela.jpg,COVERAGE/image_patch_128
44t,4.png,4_gt.png,1,2,4_ela.jpg,COVERAGE/image_patch_128
44t,5.png,5_gt.png,1,2,5_ela.jpg,COVERAGE/image_patch_128
44t,6.png,6_gt.png,1,2,6_ela.jpg,COVERAGE/image_patch_128
44t,7.png,7_gt.png,1,2,7_ela.jpg,COVERAGE/image_patch_128
44t,8.png,8_gt.png,1,2,8_ela.jpg,COVERAGE/image_patch_128
44t,9.png,9_gt.png,1,2,9_ela.jpg,COVERAGE/image_patch_128
45t,0.png,0_gt.png,1,2,0_ela.jpg,COVERAGE/image_patch_128
45t,1.png,1_gt.png,1,2,1_ela.jpg,COVERAGE/image_patch_128
45t,2.png,2_gt.png,1,2,2_ela.jpg,COVERAGE/image_patch_128
45t,3.png,3_gt.png,1,2,3_ela.jpg,COVERAGE/image_patch_128
45t,4.png,4_gt.png,1,2,4_ela.jpg,COVERAGE/image_patch_128
45t,5.png,5_gt.png,1,2,5_ela.jpg,COVERAGE/image_patch_128
45t,6.png,6_gt.png,1,2,6_ela.jpg,COVERAGE/image_patch_128
45t,7.png,7_gt.png,1,2,7_ela.jpg,COVERAGE/image_patch_128
45t,8.png,8_gt.png,1,2,8_ela.jpg,COVERAGE/image_patch_128
45t,9.png,9_gt.png,1,2,9_ela.jpg,COVERAGE/image_patch_128
47t,0.png,0_gt.png,1,2,0_ela.jpg,COVERAGE/image_patch_128
48t,0.png,0_gt.png,1,2,0_ela.jpg,COVERAGE/image_patch_128
48t,1.png,1_gt.png,1,2,1_ela.jpg,COVERAGE/image_patch_128
48t,2.png,2_gt.png,1,2,2_ela.jpg,COVERAGE/image_patch_128
48t,3.png,3_gt.png,1,2,3_ela.jpg,COVERAGE/image_patch_128
48t,4.png,4_gt.png,1,2,4_ela.jpg,COVERAGE/image_patch_128
48t,5.png,5_gt.png,1,2,5_ela.jpg,COVERAGE/image_patch_128
48t,6.png,6_gt.png,1,2,6_ela.jpg,COVERAGE/image_patch_128
4t,0.png,0_gt.png,1,2,0_ela.jpg,COVERAGE/image_patch_128
4t,1.png,1_gt.png,1,2,1_ela.jpg,COVERAGE/image_patch_128
4t,2.png,2_gt.png,1,2,2_ela.jpg,COVERAGE/image_patch_128
4t,3.png,3_gt.png,1,2,3_ela.jpg,COVERAGE/image_patch_128
4t,4.png,4_gt.png,1,2,4_ela.jpg,COVERAGE/image_patch_128
4t,5.png,5_gt.png,1,2,5_ela.jpg,COVERAGE/image_patch_128
4t,6.png,6_gt.png,1,2,6_ela.jpg,COVERAGE/image_patch_128
4t,7.png,7_gt.png,1,2,7_ela.jpg,COVERAGE/image_patch_128
50t,0.png,0_gt.png,1,2,0_ela.jpg,COVERAGE/image_patch_128
50t,1.png,1_gt.png,1,2,1_ela.jpg,COVERAGE/image_patch_128
50t,2.png,2_gt.png,1,2,2_ela.jpg,COVERAGE/image_patch_128
50t,3.png,3_gt.png,1,2,3_ela.jpg,COVERAGE/image_patch_128
50t,4.png,4_gt.png,1,2,4_ela.jpg,COVERAGE/image_patch_128
50t,5.png,5_gt.png,1,2,5_ela.jpg,COVERAGE/image_patch_128
50t,6.png,6_gt.png,1,2,6_ela.jpg,COVERAGE/image_patch_128
50t,7.png,7_gt.png,1,2,7_ela.jpg,COVERAGE/image_patch_128
50t,8.png,8_gt.png,1,2,8_ela.jpg,COVERAGE/image_patch_128
50t,9.png,9_gt.png,1,2,9_ela.jpg,COVERAGE/image_patch_128
51t,0.png,0_gt.png,1,2,0_ela.jpg,COVERAGE/image_patch_128
51t,1.png,1_gt.png,1,3,1_ela.jpg,COVERAGE/image_patch_128
51t,2.png,2_gt.png,1,3,2_ela.jpg,COVERAGE/image_patch_128
51t,3.png,3_gt.png,1,3,3_ela.jpg,COVERAGE/image_patch_128
51t,4.png,4_gt.png,1,3,4_ela.jpg,COVERAGE/image_patch_128
51t,5.png,5_gt.png,1,3,5_ela.jpg,COVERAGE/image_patch_128
52t,0.png,0_gt.png,1,3,0_ela.jpg,COVERAGE/image_patch_128
52t,1.png,1_gt.png,1,3,1_ela.jpg,COVERAGE/image_patch_128
52t,2.png,2_gt.png,1,3,2_ela.jpg,COVERAGE/image_patch_128
52t,3.png,3_gt.png,1,3,3_ela.jpg,COVERAGE/image_patch_128
52t,4.png,4_gt.png,1,3,4_ela.jpg,COVERAGE/image_patch_128
52t,5.png,5_gt.png,1,3,5_ela.jpg,COVERAGE/image_patch_128
53t,0.png,0_gt.png,1,3,0_ela.jpg,COVERAGE/image_patch_128
53t,1.png,1_gt.png,1,3,1_ela.jpg,COVERAGE/image_patch_128
53t,2.png,2_gt.png,1,3,2_ela.jpg,COVERAGE/image_patch_128
53t,3.png,3_gt.png,1,3,3_ela.jpg,COVERAGE/image_patch_128
53t,4.png,4_gt.png,1,3,4_ela.jpg,COVERAGE/image_patch_128
53t,5.png,5_gt.png,1,3,5_ela.jpg,COVERAGE/image_patch_128
54t,0.png,0_gt.png,1,3,0_ela.jpg,COVERAGE/image_patch_128
54t,1.png,1_gt.png,1,3,1_ela.jpg,COVERAGE/image_patch_128
54t,2.png,2_gt.png,1,3,2_ela.jpg,COVERAGE/image_patch_128
54t,3.png,3_gt.png,1,3,3_ela.jpg,COVERAGE/image_patch_128
54t,4.png,4_gt.png,1,3,4_ela.jpg,COVERAGE/image_patch_128
54t,5.png,5_gt.png,1,3,5_ela.jpg,COVERAGE/image_patch_128
54t,6.png,6_gt.png,1,3,6_ela.jpg,COVERAGE/image_patch_128
54t,7.png,7_gt.png,1,3,7_ela.jpg,COVERAGE/image_patch_128
54t,8.png,8_gt.png,1,3,8_ela.jpg,COVERAGE/image_patch_128
55t,0.png,0_gt.png,1,3,0_ela.jpg,COVERAGE/image_patch_128
55t,1.png,1_gt.png,1,3,1_ela.jpg,COVERAGE/image_patch_128
56t,0.png,0_gt.png,1,3,0_ela.jpg,COVERAGE/image_patch_128
56t,1.png,1_gt.png,1,3,1_ela.jpg,COVERAGE/image_patch_128
56t,2.png,2_gt.png,1,3,2_ela.jpg,COVERAGE/image_patch_128
56t,3.png,3_gt.png,1,3,3_ela.jpg,COVERAGE/image_patch_128
56t,4.png,4_gt.png,1,3,4_ela.jpg,COVERAGE/image_patch_128
56t,5.png,5_gt.png,1,3,5_ela.jpg,COVERAGE/image_patch_128
56t,6.png,6_gt.png,1,3,6_ela.jpg,COVERAGE/image_patch_128
56t,7.png,7_gt.png,1,3,7_ela.jpg,COVERAGE/image_patch_128
56t,8.png,8_gt.png,1,3,8_ela.jpg,COVERAGE/image_patch_128
56t,9.png,9_gt.png,1,3,9_ela.jpg,COVERAGE/image_patch_128
57t,0.png,0_gt.png,1,3,0_ela.jpg,COVERAGE/image_patch_128
57t,1.png,1_gt.png,1,3,1_ela.jpg,COVERAGE/image_patch_128
57t,10.png,10_gt.png,1,3,10_ela.jpg,COVERAGE/image_patch_128
57t,11.png,11_gt.png,1,3,11_ela.jpg,COVERAGE/image_patch_128
57t,12.png,12_gt.png,1,3,12_ela.jpg,COVERAGE/image_patch_128
57t,13.png,13_gt.png,1,3,13_ela.jpg,COVERAGE/image_patch_128
57t,14.png,14_gt.png,1,3,14_ela.jpg,COVERAGE/image_patch_128
57t,15.png,15_gt.png,1,3,15_ela.jpg,COVERAGE/image_patch_128
57t,16.png,16_gt.png,1,3,16_ela.jpg,COVERAGE/image_patch_128
57t,17.png,17_gt.png,1,3,17_ela.jpg,COVERAGE/image_patch_128
57t,18.png,18_gt.png,1,3,18_ela.jpg,COVERAGE/image_patch_128
57t,19.png,19_gt.png,1,3,19_ela.jpg,COVERAGE/image_patch_128
57t,2.png,2_gt.png,1,3,2_ela.jpg,COVERAGE/image_patch_128
57t,3.png,3_gt.png,1,3,3_ela.jpg,COVERAGE/image_patch_128
57t,4.png,4_gt.png,1,3,4_ela.jpg,COVERAGE/image_patch_128
57t,5.png,5_gt.png,1,3,5_ela.jpg,COVERAGE/image_patch_128
57t,6.png,6_gt.png,1,3,6_ela.jpg,COVERAGE/image_patch_128
57t,7.png,7_gt.png,1,3,7_ela.jpg,COVERAGE/image_patch_128
57t,8.png,8_gt.png,1,3,8_ela.jpg,COVERAGE/image_patch_128
57t,9.png,9_gt.png,1,3,9_ela.jpg,COVERAGE/image_patch_128
58t,0.png,0_gt.png,1,3,0_ela.jpg,COVERAGE/image_patch_128
58t,1.png,1_gt.png,1,3,1_ela.jpg,COVERAGE/image_patch_128
59t,0.png,0_gt.png,1,3,0_ela.jpg,COVERAGE/image_patch_128
59t,1.png,1_gt.png,1,3,1_ela.jpg,COVERAGE/image_patch_128
59t,2.png,2_gt.png,1,3,2_ela.jpg,COVERAGE/image_patch_128
59t,3.png,3_gt.png,1,3,3_ela.jpg,COVERAGE/image_patch_128
59t,4.png,4_gt.png,1,3,4_ela.jpg,COVERAGE/image_patch_128
59t,5.png,5_gt.png,1,3,5_ela.jpg,COVERAGE/image_patch_128
59t,6.png,6_gt.png,1,3,6_ela.jpg,COVERAGE/image_patch_128
59t,7.png,7_gt.png,1,3,7_ela.jpg,COVERAGE/image_patch_128
5t,0.png,0_gt.png,1,3,0_ela.jpg,COVERAGE/image_patch_128
5t,1.png,1_gt.png,1,3,1_ela.jpg,COVERAGE/image_patch_128
5t,2.png,2_gt.png,1,3,2_ela.jpg,COVERAGE/image_patch_128
5t,3.png,3_gt.png,1,3,3_ela.jpg,COVERAGE/image_patch_128
5t,4.png,4_gt.png,1,3,4_ela.jpg,COVERAGE/image_patch_128
60t,0.png,0_gt.png,1,3,0_ela.jpg,COVERAGE/image_patch_128
60t,1.png,1_gt.png,1,3,1_ela.jpg,COVERAGE/image_patch_128
60t,10.png,10_gt.png,1,3,10_ela.jpg,COVERAGE/image_patch_128
60t,11.png,11_gt.png,1,3,11_ela.jpg,COVERAGE/image_patch_128
60t,12.png,12_gt.png,1,3,12_ela.jpg,COVERAGE/image_patch_128
60t,13.png,13_gt.png,1,3,13_ela.jpg,COVERAGE/image_patch_128
60t,14.png,14_gt.png,1,3,14_ela.jpg,COVERAGE/image_patch_128
60t,15.png,15_gt.png,1,3,15_ela.jpg,COVERAGE/image_patch_128
60t,16.png,16_gt.png,1,3,16_ela.jpg,COVERAGE/image_patch_128
60t,17.png,17_gt.png,1,3,17_ela.jpg,COVERAGE/image_patch_128
60t,18.png,18_gt.png,1,3,18_ela.jpg,COVERAGE/image_patch_128
60t,19.png,19_gt.png,1,3,19_ela.jpg,COVERAGE/image_patch_128
60t,2.png,2_gt.png,1,3,2_ela.jpg,COVERAGE/image_patch_128
60t,20.png,20_gt.png,1,3,20_ela.jpg,COVERAGE/image_patch_128
60t,21.png,21_gt.png,1,3,21_ela.jpg,COVERAGE/image_patch_128
60t,22.png,22_gt.png,1,3,22_ela.jpg,COVERAGE/image_patch_128
60t,23.png,23_gt.png,1,3,23_ela.jpg,COVERAGE/image_patch_128
60t,24.png,24_gt.png,1,3,24_ela.jpg,COVERAGE/image_patch_128
60t,25.png,25_gt.png,1,3,25_ela.jpg,COVERAGE/image_patch_128
60t,26.png,26_gt.png,1,3,26_ela.jpg,COVERAGE/image_patch_128
60t,27.png,27_gt.png,1,3,27_ela.jpg,COVERAGE/image_patch_128
60t,28.png,28_gt.png,1,3,28_ela.jpg,COVERAGE/image_patch_128
60t,29.png,29_gt.png,1,3,29_ela.jpg,COVERAGE/image_patch_128
60t,3.png,3_gt.png,1,3,3_ela.jpg,COVERAGE/image_patch_128
60t,30.png,30_gt.png,1,3,30_ela.jpg,COVERAGE/image_patch_128
60t,31.png,31_gt.png,1,3,31_ela.jpg,COVERAGE/image_patch_128
60t,32.png,32_gt.png,1,3,32_ela.jpg,COVERAGE/image_patch_128
60t,33.png,33_gt.png,1,3,33_ela.jpg,COVERAGE/image_patch_128
60t,34.png,34_gt.png,1,3,34_ela.jpg,COVERAGE/image_patch_128
60t,35.png,35_gt.png,1,3,35_ela.jpg,COVERAGE/image_patch_128
60t,36.png,36_gt.png,1,3,36_ela.jpg,COVERAGE/image_patch_128
60t,37.png,37_gt.png,1,3,37_ela.jpg,COVERAGE/image_patch_128
60t,38.png,38_gt.png,1,3,38_ela.jpg,COVERAGE/image_patch_128
60t,39.png,39_gt.png,1,4,39_ela.jpg,COVERAGE/image_patch_128
60t,4.png,4_gt.png,1,4,4_ela.jpg,COVERAGE/image_patch_128
60t,40.png,40_gt.png,1,4,40_ela.jpg,COVERAGE/image_patch_128
60t,41.png,41_gt.png,1,4,41_ela.jpg,COVERAGE/image_patch_128
60t,42.png,42_gt.png,1,4,42_ela.jpg,COVERAGE/image_patch_128
60t,43.png,43_gt.png,1,4,43_ela.jpg,COVERAGE/image_patch_128
60t,44.png,44_gt.png,1,4,44_ela.jpg,COVERAGE/image_patch_128
60t,45.png,45_gt.png,1,4,45_ela.jpg,COVERAGE/image_patch_128
60t,46.png,46_gt.png,1,4,46_ela.jpg,COVERAGE/image_patch_128
60t,47.png,47_gt.png,1,4,47_ela.jpg,COVERAGE/image_patch_128
60t,48.png,48_gt.png,1,4,48_ela.jpg,COVERAGE/image_patch_128
60t,49.png,49_gt.png,1,4,49_ela.jpg,COVERAGE/image_patch_128
60t,5.png,5_gt.png,1,4,5_ela.jpg,COVERAGE/image_patch_128
60t,50.png,50_gt.png,1,4,50_ela.jpg,COVERAGE/image_patch_128
60t,51.png,51_gt.png,1,4,51_ela.jpg,COVERAGE/image_patch_128
60t,6.png,6_gt.png,1,4,6_ela.jpg,COVERAGE/image_patch_128
60t,7.png,7_gt.png,1,4,7_ela.jpg,COVERAGE/image_patch_128
60t,8.png,8_gt.png,1,4,8_ela.jpg,COVERAGE/image_patch_128
60t,9.png,9_gt.png,1,4,9_ela.jpg,COVERAGE/image_patch_128
61t,0.png,0_gt.png,1,4,0_ela.jpg,COVERAGE/image_patch_128
61t,1.png,1_gt.png,1,4,1_ela.jpg,COVERAGE/image_patch_128
61t,2.png,2_gt.png,1,4,2_ela.jpg,COVERAGE/image_patch_128
61t,3.png,3_gt.png,1,4,3_ela.jpg,COVERAGE/image_patch_128
61t,4.png,4_gt.png,1,4,4_ela.jpg,COVERAGE/image_patch_128
61t,5.png,5_gt.png,1,4,5_ela.jpg,COVERAGE/image_patch_128
61t,6.png,6_gt.png,1,4,6_ela.jpg,COVERAGE/image_patch_128
61t,7.png,7_gt.png,1,4,7_ela.jpg,COVERAGE/image_patch_128
61t,8.png,8_gt.png,1,4,8_ela.jpg,COVERAGE/image_patch_128
62t,0.png,0_gt.png,1,4,0_ela.jpg,COVERAGE/image_patch_128
62t,1.png,1_gt.png,1,4,1_ela.jpg,COVERAGE/image_patch_128
62t,2.png,2_gt.png,1,4,2_ela.jpg,COVERAGE/image_patch_128
62t,3.png,3_gt.png,1,4,3_ela.jpg,COVERAGE/image_patch_128
62t,4.png,4_gt.png,1,4,4_ela.jpg,COVERAGE/image_patch_128
62t,5.png,5_gt.png,1,4,5_ela.jpg,COVERAGE/image_patch_128
62t,6.png,6_gt.png,1,4,6_ela.jpg,COVERAGE/image_patch_128
63t,0.png,0_gt.png,1,4,0_ela.jpg,COVERAGE/image_patch_128
63t,1.png,1_gt.png,1,4,1_ela.jpg,COVERAGE/image_patch_128
63t,2.png,2_gt.png,1,4,2_ela.jpg,COVERAGE/image_patch_128
63t,3.png,3_gt.png,1,4,3_ela.jpg,COVERAGE/image_patch_128
63t,4.png,4_gt.png,1,4,4_ela.jpg,COVERAGE/image_patch_128
63t,5.png,5_gt.png,1,4,5_ela.jpg,COVERAGE/image_patch_128
63t,6.png,6_gt.png,1,4,6_ela.jpg,COVERAGE/image_patch_128
63t,7.png,7_gt.png,1,4,7_ela.jpg,COVERAGE/image_patch_128
63t,8.png,8_gt.png,1,4,8_ela.jpg,COVERAGE/image_patch_128
63t,9.png,9_gt.png,1,4,9_ela.jpg,COVERAGE/image_patch_128
64t,0.png,0_gt.png,1,4,0_ela.jpg,COVERAGE/image_patch_128
64t,1.png,1_gt.png,1,4,1_ela.jpg,COVERAGE/image_patch_128
64t,2.png,2_gt.png,1,4,2_ela.jpg,COVERAGE/image_patch_128
64t,3.png,3_gt.png,1,4,3_ela.jpg,COVERAGE/image_patch_128
64t,4.png,4_gt.png,1,4,4_ela.jpg,COVERAGE/image_patch_128
64t,5.png,5_gt.png,1,4,5_ela.jpg,COVERAGE/image_patch_128
65t,0.png,0_gt.png,1,4,0_ela.jpg,COVERAGE/image_patch_128
65t,1.png,1_gt.png,1,4,1_ela.jpg,COVERAGE/image_patch_128
65t,2.png,2_gt.png,1,4,2_ela.jpg,COVERAGE/image_patch_128
65t,3.png,3_gt.png,1,4,3_ela.jpg,COVERAGE/image_patch_128
65t,4.png,4_gt.png,1,4,4_ela.jpg,COVERAGE/image_patch_128
65t,5.png,5_gt.png,1,4,5_ela.jpg,COVERAGE/image_patch_128
65t,6.png,6_gt.png,1,4,6_ela.jpg,COVERAGE/image_patch_128
65t,7.png,7_gt.png,1,4,7_ela.jpg,COVERAGE/image_patch_128
66t,0.png,0_gt.png,1,4,0_ela.jpg,COVERAGE/image_patch_128
66t,1.png,1_gt.png,1,4,1_ela.jpg,COVERAGE/image_patch_128
66t,2.png,2_gt.png,1,4,2_ela.jpg,COVERAGE/image_patch_128
66t,3.png,3_gt.png,1,4,3_ela.jpg,COVERAGE/image_patch_128
66t,4.png,4_gt.png,1,4,4_ela.jpg,COVERAGE/image_patch_128
66t,5.png,5_gt.png,1,4,5_ela.jpg,COVERAGE/image_patch_128
66t,6.png,6_gt.png,1,4,6_ela.jpg,COVERAGE/image_patch_128
67t,0.png,0_gt.png,1,4,0_ela.jpg,COVERAGE/image_patch_128
67t,1.png,1_gt.png,1,4,1_ela.jpg,COVERAGE/image_patch_128
67t,10.png,10_gt.png,1,4,10_ela.jpg,COVERAGE/image_patch_128
67t,2.png,2_gt.png,1,4,2_ela.jpg,COVERAGE/image_patch_128
67t,3.png,3_gt.png,1,4,3_ela.jpg,COVERAGE/image_patch_128
67t,4.png,4_gt.png,1,4,4_ela.jpg,COVERAGE/image_patch_128
67t,5.png,5_gt.png,1,4,5_ela.jpg,COVERAGE/image_patch_128
67t,6.png,6_gt.png,1,4,6_ela.jpg,COVERAGE/image_patch_128
67t,7.png,7_gt.png,1,4,7_ela.jpg,COVERAGE/image_patch_128
67t,8.png,8_gt.png,1,4,8_ela.jpg,COVERAGE/image_patch_128
67t,9.png,9_gt.png,1,4,9_ela.jpg,COVERAGE/image_patch_128
68t,0.png,0_gt.png,1,4,0_ela.jpg,COVERAGE/image_patch_128
68t,1.png,1_gt.png,1,4,1_ela.jpg,COVERAGE/image_patch_128
68t,10.png,10_gt.png,1,4,10_ela.jpg,COVERAGE/image_patch_128
68t,11.png,11_gt.png,1,4,11_ela.jpg,COVERAGE/image_patch_128
68t,12.png,12_gt.png,1,4,12_ela.jpg,COVERAGE/image_patch_128
68t,13.png,13_gt.png,1,4,13_ela.jpg,COVERAGE/image_patch_128
68t,14.png,14_gt.png,1,4,14_ela.jpg,COVERAGE/image_patch_128
68t,15.png,15_gt.png,1,4,15_ela.jpg,COVERAGE/image_patch_128
68t,16.png,16_gt.png,1,4,16_ela.jpg,COVERAGE/image_patch_128
68t,17.png,17_gt.png,1,4,17_ela.jpg,COVERAGE/image_patch_128
68t,18.png,18_gt.png,1,4,18_ela.jpg,COVERAGE/image_patch_128
68t,19.png,19_gt.png,1,4,19_ela.jpg,COVERAGE/image_patch_128
68t,2.png,2_gt.png,1,4,2_ela.jpg,COVERAGE/image_patch_128
68t,20.png,20_gt.png,1,4,20_ela.jpg,COVERAGE/image_patch_128
68t,21.png,21_gt.png,1,4,21_ela.jpg,COVERAGE/image_patch_128
68t,22.png,22_gt.png,1,4,22_ela.jpg,COVERAGE/image_patch_128
68t,23.png,23_gt.png,1,4,23_ela.jpg,COVERAGE/image_patch_128
68t,24.png,24_gt.png,1,4,24_ela.jpg,COVERAGE/image_patch_128
68t,25.png,25_gt.png,1,4,25_ela.jpg,COVERAGE/image_patch_128
68t,26.png,26_gt.png,1,4,26_ela.jpg,COVERAGE/image_patch_128
68t,27.png,27_gt.png,1,4,27_ela.jpg,COVERAGE/image_patch_128
68t,28.png,28_gt.png,1,4,28_ela.jpg,COVERAGE/image_patch_128
68t,29.png,29_gt.png,1,4,29_ela.jpg,COVERAGE/image_patch_128
68t,3.png,3_gt.png,1,4,3_ela.jpg,COVERAGE/image_patch_128
68t,30.png,30_gt.png,1,4,30_ela.jpg,COVERAGE/image_patch_128
68t,31.png,31_gt.png,1,4,31_ela.jpg,COVERAGE/image_patch_128
68t,32.png,32_gt.png,1,4,32_ela.jpg,COVERAGE/image_patch_128
68t,33.png,33_gt.png,1,4,33_ela.jpg,COVERAGE/image_patch_128
68t,34.png,34_gt.png,1,4,34_ela.jpg,COVERAGE/image_patch_128
68t,35.png,35_gt.png,1,5,35_ela.jpg,COVERAGE/image_patch_128
68t,36.png,36_gt.png,1,5,36_ela.jpg,COVERAGE/image_patch_128
68t,37.png,37_gt.png,1,5,37_ela.jpg,COVERAGE/image_patch_128
68t,38.png,38_gt.png,1,5,38_ela.jpg,COVERAGE/image_patch_128
68t,39.png,39_gt.png,1,5,39_ela.jpg,COVERAGE/image_patch_128
68t,4.png,4_gt.png,1,5,4_ela.jpg,COVERAGE/image_patch_128
68t,40.png,40_gt.png,1,5,40_ela.jpg,COVERAGE/image_patch_128
68t,41.png,41_gt.png,1,5,41_ela.jpg,COVERAGE/image_patch_128
68t,42.png,42_gt.png,1,5,42_ela.jpg,COVERAGE/image_patch_128
68t,43.png,43_gt.png,1,5,43_ela.jpg,COVERAGE/image_patch_128
68t,44.png,44_gt.png,1,5,44_ela.jpg,COVERAGE/image_patch_128
68t,45.png,45_gt.png,1,5,45_ela.jpg,COVERAGE/image_patch_128
68t,46.png,46_gt.png,1,5,46_ela.jpg,COVERAGE/image_patch_128
68t,47.png,47_gt.png,1,5,47_ela.jpg,COVERAGE/image_patch_128
68t,48.png,48_gt.png,1,5,48_ela.jpg,COVERAGE/image_patch_128
68t,49.png,49_gt.png,1,5,49_ela.jpg,COVERAGE/image_patch_128
68t,5.png,5_gt.png,1,5,5_ela.jpg,COVERAGE/image_patch_128
68t,50.png,50_gt.png,1,5,50_ela.jpg,COVERAGE/image_patch_128
68t,51.png,51_gt.png,1,5,51_ela.jpg,COVERAGE/image_patch_128
68t,52.png,52_gt.png,1,5,52_ela.jpg,COVERAGE/image_patch_128
68t,53.png,53_gt.png,1,5,53_ela.jpg,COVERAGE/image_patch_128
68t,54.png,54_gt.png,1,5,54_ela.jpg,COVERAGE/image_patch_128
68t,55.png,55_gt.png,1,5,55_ela.jpg,COVERAGE/image_patch_128
68t,56.png,56_gt.png,1,5,56_ela.jpg,COVERAGE/image_patch_128
68t,57.png,57_gt.png,1,5,57_ela.jpg,COVERAGE/image_patch_128
68t,58.png,58_gt.png,1,5,58_ela.jpg,COVERAGE/image_patch_128
68t,59.png,59_gt.png,1,5,59_ela.jpg,COVERAGE/image_patch_128
68t,6.png,6_gt.png,1,5,6_ela.jpg,COVERAGE/image_patch_128
68t,60.png,60_gt.png,1,5,60_ela.jpg,COVERAGE/image_patch_128
68t,61.png,61_gt.png,1,5,61_ela.jpg,COVERAGE/image_patch_128
68t,62.png,62_gt.png,1,5,62_ela.jpg,COVERAGE/image_patch_128
68t,63.png,63_gt.png,1,5,63_ela.jpg,COVERAGE/image_patch_128
68t,64.png,64_gt.png,1,5,64_ela.jpg,COVERAGE/image_patch_128
68t,65.png,65_gt.png,1,5,65_ela.jpg,COVERAGE/image_patch_128
68t,66.png,66_gt.png,1,5,66_ela.jpg,COVERAGE/image_patch_128
68t,67.png,67_gt.png,1,5,67_ela.jpg,COVERAGE/image_patch_128
68t,68.png,68_gt.png,1,5,68_ela.jpg,COVERAGE/image_patch_128
68t,69.png,69_gt.png,1,5,69_ela.jpg,COVERAGE/image_patch_128
68t,7.png,7_gt.png,1,5,7_ela.jpg,COVERAGE/image_patch_128
68t,70.png,70_gt.png,1,5,70_ela.jpg,COVERAGE/image_patch_128
68t,71.png,71_gt.png,1,5,71_ela.jpg,COVERAGE/image_patch_128
68t,72.png,72_gt.png,1,5,72_ela.jpg,COVERAGE/image_patch_128
68t,73.png,73_gt.png,1,5,73_ela.jpg,COVERAGE/image_patch_128
68t,8.png,8_gt.png,1,5,8_ela.jpg,COVERAGE/image_patch_128
68t,9.png,9_gt.png,1,5,9_ela.jpg,COVERAGE/image_patch_128
69t,0.png,0_gt.png,1,5,0_ela.jpg,COVERAGE/image_patch_128
69t,1.png,1_gt.png,1,5,1_ela.jpg,COVERAGE/image_patch_128
69t,2.png,2_gt.png,1,5,2_ela.jpg,COVERAGE/image_patch_128
69t,3.png,3_gt.png,1,5,3_ela.jpg,COVERAGE/image_patch_128
69t,4.png,4_gt.png,1,5,4_ela.jpg,COVERAGE/image_patch_128
6t,0.png,0_gt.png,1,5,0_ela.jpg,COVERAGE/image_patch_128
6t,1.png,1_gt.png,1,5,1_ela.jpg,COVERAGE/image_patch_128
6t,2.png,2_gt.png,1,5,2_ela.jpg,COVERAGE/image_patch_128
6t,3.png,3_gt.png,1,5,3_ela.jpg,COVERAGE/image_patch_128
6t,4.png,4_gt.png,1,5,4_ela.jpg,COVERAGE/image_patch_128
6t,5.png,5_gt.png,1,5,5_ela.jpg,COVERAGE/image_patch_128
6t,6.png,6_gt.png,1,5,6_ela.jpg,COVERAGE/image_patch_128
6t,7.png,7_gt.png,1,5,7_ela.jpg,COVERAGE/image_patch_128
6t,8.png,8_gt.png,1,5,8_ela.jpg,COVERAGE/image_patch_128
70t,0.png,0_gt.png,1,5,0_ela.jpg,COVERAGE/image_patch_128
70t,1.png,1_gt.png,1,5,1_ela.jpg,COVERAGE/image_patch_128
70t,10.png,10_gt.png,1,5,10_ela.jpg,COVERAGE/image_patch_128
70t,11.png,11_gt.png,1,5,11_ela.jpg,COVERAGE/image_patch_128
70t,12.png,12_gt.png,1,5,12_ela.jpg,COVERAGE/image_patch_128
70t,13.png,13_gt.png,1,5,13_ela.jpg,COVERAGE/image_patch_128
70t,14.png,14_gt.png,1,5,14_ela.jpg,COVERAGE/image_patch_128
70t,15.png,15_gt.png,1,5,15_ela.jpg,COVERAGE/image_patch_128
70t,16.png,16_gt.png,1,5,16_ela.jpg,COVERAGE/image_patch_128
70t,17.png,17_gt.png,1,5,17_ela.jpg,COVERAGE/image_patch_128
70t,18.png,18_gt.png,1,5,18_ela.jpg,COVERAGE/image_patch_128
70t,19.png,19_gt.png,1,5,19_ela.jpg,COVERAGE/image_patch_128
70t,2.png,2_gt.png,1,5,2_ela.jpg,COVERAGE/image_patch_128
70t,20.png,20_gt.png,1,5,20_ela.jpg,COVERAGE/image_patch_128
70t,21.png,21_gt.png,1,5,21_ela.jpg,COVERAGE/image_patch_128
70t,22.png,22_gt.png,1,5,22_ela.jpg,COVERAGE/image_patch_128
70t,23.png,23_gt.png,1,5,23_ela.jpg,COVERAGE/image_patch_128
70t,24.png,24_gt.png,1,5,24_ela.jpg,COVERAGE/image_patch_128
70t,25.png,25_gt.png,1,5,25_ela.jpg,COVERAGE/image_patch_128
70t,26.png,26_gt.png,1,5,26_ela.jpg,COVERAGE/image_patch_128
70t,27.png,27_gt.png,1,5,27_ela.jpg,COVERAGE/image_patch_128
70t,28.png,28_gt.png,1,5,28_ela.jpg,COVERAGE/image_patch_128
70t,29.png,29_gt.png,1,5,29_ela.jpg,COVERAGE/image_patch_128
70t,3.png,3_gt.png,1,5,3_ela.jpg,COVERAGE/image_patch_128
70t,30.png,30_gt.png,1,5,30_ela.jpg,COVERAGE/image_patch_128
70t,31.png,31_gt.png,1,5,31_ela.jpg,COVERAGE/image_patch_128
70t,32.png,32_gt.png,1,5,32_ela.jpg,COVERAGE/image_patch_128
70t,33.png,33_gt.png,1,5,33_ela.jpg,COVERAGE/image_patch_128
70t,34.png,34_gt.png,1,5,34_ela.jpg,COVERAGE/image_patch_128
70t,35.png,35_gt.png,1,5,35_ela.jpg,COVERAGE/image_patch_128
70t,36.png,36_gt.png,1,5,36_ela.jpg,COVERAGE/image_patch_128
70t,37.png,37_gt.png,1,5,37_ela.jpg,COVERAGE/image_patch_128
70t,38.png,38_gt.png,1,5,38_ela.jpg,COVERAGE/image_patch_128
70t,39.png,39_gt.png,1,5,39_ela.jpg,COVERAGE/image_patch_128
70t,4.png,4_gt.png,1,5,4_ela.jpg,COVERAGE/image_patch_128
70t,40.png,40_gt.png,1,5,40_ela.jpg,COVERAGE/image_patch_128
70t,41.png,41_gt.png,1,5,41_ela.jpg,COVERAGE/image_patch_128
70t,42.png,42_gt.png,1,5,42_ela.jpg,COVERAGE/image_patch_128
70t,43.png,43_gt.png,1,5,43_ela.jpg,COVERAGE/image_patch_128
70t,44.png,44_gt.png,1,5,44_ela.jpg,COVERAGE/image_patch_128
70t,45.png,45_gt.png,1,5,45_ela.jpg,COVERAGE/image_patch_128
70t,5.png,5_gt.png,1,5,5_ela.jpg,COVERAGE/image_patch_128
70t,6.png,6_gt.png,1,5,6_ela.jpg,COVERAGE/image_patch_128
70t,7.png,7_gt.png,1,5,7_ela.jpg,COVERAGE/image_patch_128
70t,8.png,8_gt.png,1,5,8_ela.jpg,COVERAGE/image_patch_128
70t,9.png,9_gt.png,1,5,9_ela.jpg,COVERAGE/image_patch_128
71t,0.png,0_gt.png,1,5,0_ela.jpg,COVERAGE/image_patch_128
71t,1.png,1_gt.png,1,6,1_ela.jpg,COVERAGE/image_patch_128
71t,2.png,2_gt.png,1,6,2_ela.jpg,COVERAGE/image_patch_128
71t,3.png,3_gt.png,1,6,3_ela.jpg,COVERAGE/image_patch_128
71t,4.png,4_gt.png,1,6,4_ela.jpg,COVERAGE/image_patch_128
71t,5.png,5_gt.png,1,6,5_ela.jpg,COVERAGE/image_patch_128
71t,6.png,6_gt.png,1,6,6_ela.jpg,COVERAGE/image_patch_128
72t,0.png,0_gt.png,1,6,0_ela.jpg,COVERAGE/image_patch_128
72t,1.png,1_gt.png,1,6,1_ela.jpg,COVERAGE/image_patch_128
72t,2.png,2_gt.png,1,6,2_ela.jpg,COVERAGE/image_patch_128
72t,3.png,3_gt.png,1,6,3_ela.jpg,COVERAGE/image_patch_128
72t,4.png,4_gt.png,1,6,4_ela.jpg,COVERAGE/image_patch_128
73t,0.png,0_gt.png,1,6,0_ela.jpg,COVERAGE/image_patch_128
73t,1.png,1_gt.png,1,6,1_ela.jpg,COVERAGE/image_patch_128
73t,2.png,2_gt.png,1,6,2_ela.jpg,COVERAGE/image_patch_128
74t,0.png,0_gt.png,1,6,0_ela.jpg,COVERAGE/image_patch_128
74t,1.png,1_gt.png,1,6,1_ela.jpg,COVERAGE/image_patch_128
74t,2.png,2_gt.png,1,6,2_ela.jpg,COVERAGE/image_patch_128
74t,3.png,3_gt.png,1,6,3_ela.jpg,COVERAGE/image_patch_128
74t,4.png,4_gt.png,1,6,4_ela.jpg,COVERAGE/image_patch_128
74t,5.png,5_gt.png,1,6,5_ela.jpg,COVERAGE/image_patch_128
74t,6.png,6_gt.png,1,6,6_ela.jpg,COVERAGE/image_patch_128
74t,7.png,7_gt.png,1,6,7_ela.jpg,COVERAGE/image_patch_128
74t,8.png,8_gt.png,1,6,8_ela.jpg,COVERAGE/image_patch_128
74t,9.png,9_gt.png,1,6,9_ela.jpg,COVERAGE/image_patch_128
75t,0.png,0_gt.png,1,6,0_ela.jpg,COVERAGE/image_patch_128
75t,1.png,1_gt.png,1,6,1_ela.jpg,COVERAGE/image_patch_128
75t,2.png,2_gt.png,1,6,2_ela.jpg,COVERAGE/image_patch_128
75t,3.png,3_gt.png,1,6,3_ela.jpg,COVERAGE/image_patch_128
75t,4.png,4_gt.png,1,6,4_ela.jpg,COVERAGE/image_patch_128
75t,5.png,5_gt.png,1,6,5_ela.jpg,COVERAGE/image_patch_128
75t,6.png,6_gt.png,1,6,6_ela.jpg,COVERAGE/image_patch_128
75t,7.png,7_gt.png,1,6,7_ela.jpg,COVERAGE/image_patch_128
75t,8.png,8_gt.png,1,6,8_ela.jpg,COVERAGE/image_patch_128
76t,0.png,0_gt.png,1,6,0_ela.jpg,COVERAGE/image_patch_128
76t,1.png,1_gt.png,1,6,1_ela.jpg,COVERAGE/image_patch_128
76t,10.png,10_gt.png,1,6,10_ela.jpg,COVERAGE/image_patch_128
76t,11.png,11_gt.png,1,6,11_ela.jpg,COVERAGE/image_patch_128
76t,2.png,2_gt.png,1,6,2_ela.jpg,COVERAGE/image_patch_128
76t,3.png,3_gt.png,1,6,3_ela.jpg,COVERAGE/image_patch_128
76t,4.png,4_gt.png,1,6,4_ela.jpg,COVERAGE/image_patch_128
76t,5.png,5_gt.png,1,6,5_ela.jpg,COVERAGE/image_patch_128
76t,6.png,6_gt.png,1,6,6_ela.jpg,COVERAGE/image_patch_128
76t,7.png,7_gt.png,1,6,7_ela.jpg,COVERAGE/image_patch_128
76t,8.png,8_gt.png,1,6,8_ela.jpg,COVERAGE/image_patch_128
76t,9.png,9_gt.png,1,6,9_ela.jpg,COVERAGE/image_patch_128
77t,0.png,0_gt.png,1,6,0_ela.jpg,COVERAGE/image_patch_128
77t,1.png,1_gt.png,1,6,1_ela.jpg,COVERAGE/image_patch_128
77t,2.png,2_gt.png,1,6,2_ela.jpg,COVERAGE/image_patch_128
77t,3.png,3_gt.png,1,6,3_ela.jpg,COVERAGE/image_patch_128
77t,4.png,4_gt.png,1,6,4_ela.jpg,COVERAGE/image_patch_128
77t,5.png,5_gt.png,1,6,5_ela.jpg,COVERAGE/image_patch_128
77t,6.png,6_gt.png,1,6,6_ela.jpg,COVERAGE/image_patch_128
77t,7.png,7_gt.png,1,6,7_ela.jpg,COVERAGE/image_patch_128
77t,8.png,8_gt.png,1,6,8_ela.jpg,COVERAGE/image_patch_128
78t,0.png,0_gt.png,1,6,0_ela.jpg,COVERAGE/image_patch_128
78t,1.png,1_gt.png,1,6,1_ela.jpg,COVERAGE/image_patch_128
78t,10.png,10_gt.png,1,6,10_ela.jpg,COVERAGE/image_patch_128
78t,11.png,11_gt.png,1,6,11_ela.jpg,COVERAGE/image_patch_128
78t,12.png,12_gt.png,1,6,12_ela.jpg,COVERAGE/image_patch_128
78t,13.png,13_gt.png,1,6,13_ela.jpg,COVERAGE/image_patch_128
78t,14.png,14_gt.png,1,6,14_ela.jpg,COVERAGE/image_patch_128
78t,15.png,15_gt.png,1,6,15_ela.jpg,COVERAGE/image_patch_128
78t,16.png,16_gt.png,1,6,16_ela.jpg,COVERAGE/image_patch_128
78t,17.png,17_gt.png,1,6,17_ela.jpg,COVERAGE/image_patch_128
78t,18.png,18_gt.png,1,6,18_ela.jpg,COVERAGE/image_patch_128
78t,19.png,19_gt.png,1,6,19_ela.jpg,COVERAGE/image_patch_128
78t,2.png,2_gt.png,1,6,2_ela.jpg,COVERAGE/image_patch_128
78t,20.png,20_gt.png,1,6,20_ela.jpg,COVERAGE/image_patch_128
78t,21.png,21_gt.png,1,6,21_ela.jpg,COVERAGE/image_patch_128
78t,22.png,22_gt.png,1,6,22_ela.jpg,COVERAGE/image_patch_128
78t,23.png,23_gt.png,1,6,23_ela.jpg,COVERAGE/image_patch_128
78t,24.png,24_gt.png,1,6,24_ela.jpg,COVERAGE/image_patch_128
78t,25.png,25_gt.png,1,6,25_ela.jpg,COVERAGE/image_patch_128
78t,26.png,26_gt.png,1,6,26_ela.jpg,COVERAGE/image_patch_128
78t,27.png,27_gt.png,1,6,27_ela.jpg,COVERAGE/image_patch_128
78t,28.png,28_gt.png,1,6,28_ela.jpg,COVERAGE/image_patch_128
78t,29.png,29_gt.png,1,6,29_ela.jpg,COVERAGE/image_patch_128
78t,3.png,3_gt.png,1,6,3_ela.jpg,COVERAGE/image_patch_128
78t,30.png,30_gt.png,1,6,30_ela.jpg,COVERAGE/image_patch_128
78t,31.png,31_gt.png,1,6,31_ela.jpg,COVERAGE/image_patch_128
78t,32.png,32_gt.png,1,6,32_ela.jpg,COVERAGE/image_patch_128
78t,33.png,33_gt.png,1,6,33_ela.jpg,COVERAGE/image_patch_128
78t,34.png,34_gt.png,1,6,34_ela.jpg,COVERAGE/image_patch_128
78t,35.png,35_gt.png,1,6,35_ela.jpg,COVERAGE/image_patch_128
78t,36.png,36_gt.png,1,6,36_ela.jpg,COVERAGE/image_patch_128
78t,37.png,37_gt.png,1,6,37_ela.jpg,COVERAGE/image_patch_128
78t,38.png,38_gt.png,1,6,38_ela.jpg,COVERAGE/image_patch_128
78t,39.png,39_gt.png,1,6,39_ela.jpg,COVERAGE/image_patch_128
78t,4.png,4_gt.png,1,6,4_ela.jpg,COVERAGE/image_patch_128
78t,40.png,40_gt.png,1,6,40_ela.jpg,COVERAGE/image_patch_128
78t,41.png,41_gt.png,1,6,41_ela.jpg,COVERAGE/image_patch_128
78t,42.png,42_gt.png,1,6,42_ela.jpg,COVERAGE/image_patch_128
78t,43.png,43_gt.png,1,6,43_ela.jpg,COVERAGE/image_patch_128
78t,44.png,44_gt.png,1,6,44_ela.jpg,COVERAGE/image_patch_128
78t,45.png,45_gt.png,1,6,45_ela.jpg,COVERAGE/image_patch_128
78t,46.png,46_gt.png,1,6,46_ela.jpg,COVERAGE/image_patch_128
78t,47.png,47_gt.png,1,6,47_ela.jpg,COVERAGE/image_patch_128
78t,48.png,48_gt.png,1,6,48_ela.jpg,COVERAGE/image_patch_128
78t,49.png,49_gt.png,1,6,49_ela.jpg,COVERAGE/image_patch_128
78t,5.png,5_gt.png,1,6,5_ela.jpg,COVERAGE/image_patch_128
78t,50.png,50_gt.png,1,6,50_ela.jpg,COVERAGE/image_patch_128
78t,51.png,51_gt.png,1,6,51_ela.jpg,COVERAGE/image_patch_128
78t,52.png,52_gt.png,1,6,52_ela.jpg,COVERAGE/image_patch_128
78t,53.png,53_gt.png,1,6,53_ela.jpg,COVERAGE/image_patch_128
78t,54.png,54_gt.png,1,6,54_ela.jpg,COVERAGE/image_patch_128
78t,55.png,55_gt.png,1,6,55_ela.jpg,COVERAGE/image_patch_128
78t,56.png,56_gt.png,1,7,56_ela.jpg,COVERAGE/image_patch_128
78t,57.png,57_gt.png,1,7,57_ela.jpg,COVERAGE/image_patch_128
78t,58.png,58_gt.png,1,7,58_ela.jpg,COVERAGE/image_patch_128
78t,59.png,59_gt.png,1,7,59_ela.jpg,COVERAGE/image_patch_128
78t,6.png,6_gt.png,1,7,6_ela.jpg,COVERAGE/image_patch_128
78t,60.png,60_gt.png,1,7,60_ela.jpg,COVERAGE/image_patch_128
78t,61.png,61_gt.png,1,7,61_ela.jpg,COVERAGE/image_patch_128
78t,62.png,62_gt.png,1,7,62_ela.jpg,COVERAGE/image_patch_128
78t,63.png,63_gt.png,1,7,63_ela.jpg,COVERAGE/image_patch_128
78t,64.png,64_gt.png,1,7,64_ela.jpg,COVERAGE/image_patch_128
78t,65.png,65_gt.png,1,7,65_ela.jpg,COVERAGE/image_patch_128
78t,66.png,66_gt.png,1,7,66_ela.jpg,COVERAGE/image_patch_128
78t,7.png,7_gt.png,1,7,7_ela.jpg,COVERAGE/image_patch_128
78t,8.png,8_gt.png,1,7,8_ela.jpg,COVERAGE/image_patch_128
78t,9.png,9_gt.png,1,7,9_ela.jpg,COVERAGE/image_patch_128
79t,0.png,0_gt.png,1,7,0_ela.jpg,COVERAGE/image_patch_128
79t,1.png,1_gt.png,1,7,1_ela.jpg,COVERAGE/image_patch_128
79t,2.png,2_gt.png,1,7,2_ela.jpg,COVERAGE/image_patch_128
79t,3.png,3_gt.png,1,7,3_ela.jpg,COVERAGE/image_patch_128
79t,4.png,4_gt.png,1,7,4_ela.jpg,COVERAGE/image_patch_128
79t,5.png,5_gt.png,1,7,5_ela.jpg,COVERAGE/image_patch_128
79t,6.png,6_gt.png,1,7,6_ela.jpg,COVERAGE/image_patch_128
79t,7.png,7_gt.png,1,7,7_ela.jpg,COVERAGE/image_patch_128
79t,8.png,8_gt.png,1,7,8_ela.jpg,COVERAGE/image_patch_128
79t,9.png,9_gt.png,1,7,9_ela.jpg,COVERAGE/image_patch_128
7t,0.png,0_gt.png,1,7,0_ela.jpg,COVERAGE/image_patch_128
7t,1.png,1_gt.png,1,7,1_ela.jpg,COVERAGE/image_patch_128
7t,2.png,2_gt.png,1,7,2_ela.jpg,COVERAGE/image_patch_128
7t,3.png,3_gt.png,1,7,3_ela.jpg,COVERAGE/image_patch_128
7t,4.png,4_gt.png,1,7,4_ela.jpg,COVERAGE/image_patch_128
7t,5.png,5_gt.png,1,7,5_ela.jpg,COVERAGE/image_patch_128
7t,6.png,6_gt.png,1,7,6_ela.jpg,COVERAGE/image_patch_128
80t,0.png,0_gt.png,1,7,0_ela.jpg,COVERAGE/image_patch_128
80t,1.png,1_gt.png,1,7,1_ela.jpg,COVERAGE/image_patch_128
80t,2.png,2_gt.png,1,7,2_ela.jpg,COVERAGE/image_patch_128
81t,0.png,0_gt.png,1,7,0_ela.jpg,COVERAGE/image_patch_128
81t,1.png,1_gt.png,1,7,1_ela.jpg,COVERAGE/image_patch_128
81t,2.png,2_gt.png,1,7,2_ela.jpg,COVERAGE/image_patch_128
81t,3.png,3_gt.png,1,7,3_ela.jpg,COVERAGE/image_patch_128
81t,4.png,4_gt.png,1,7,4_ela.jpg,COVERAGE/image_patch_128
81t,5.png,5_gt.png,1,7,5_ela.jpg,COVERAGE/image_patch_128
81t,6.png,6_gt.png,1,7,6_ela.jpg,COVERAGE/image_patch_128
81t,7.png,7_gt.png,1,7,7_ela.jpg,COVERAGE/image_patch_128
82t,0.png,0_gt.png,1,7,0_ela.jpg,COVERAGE/image_patch_128
82t,1.png,1_gt.png,1,7,1_ela.jpg,COVERAGE/image_patch_128
82t,2.png,2_gt.png,1,7,2_ela.jpg,COVERAGE/image_patch_128
82t,3.png,3_gt.png,1,7,3_ela.jpg,COVERAGE/image_patch_128
82t,4.png,4_gt.png,1,7,4_ela.jpg,COVERAGE/image_patch_128
82t,5.png,5_gt.png,1,7,5_ela.jpg,COVERAGE/image_patch_128
83t,0.png,0_gt.png,1,7,0_ela.jpg,COVERAGE/image_patch_128
83t,1.png,1_gt.png,1,7,1_ela.jpg,COVERAGE/image_patch_128
83t,2.png,2_gt.png,1,7,2_ela.jpg,COVERAGE/image_patch_128
83t,3.png,3_gt.png,1,7,3_ela.jpg,COVERAGE/image_patch_128
83t,4.png,4_gt.png,1,7,4_ela.jpg,COVERAGE/image_patch_128
83t,5.png,5_gt.png,1,7,5_ela.jpg,COVERAGE/image_patch_128
83t,6.png,6_gt.png,1,7,6_ela.jpg,COVERAGE/image_patch_128
83t,7.png,7_gt.png,1,7,7_ela.jpg,COVERAGE/image_patch_128
84t,0.png,0_gt.png,1,7,0_ela.jpg,COVERAGE/image_patch_128
84t,1.png,1_gt.png,1,7,1_ela.jpg,COVERAGE/image_patch_128
84t,2.png,2_gt.png,1,7,2_ela.jpg,COVERAGE/image_patch_128
84t,3.png,3_gt.png,1,7,3_ela.jpg,COVERAGE/image_patch_128
84t,4.png,4_gt.png,1,7,4_ela.jpg,COVERAGE/image_patch_128
84t,5.png,5_gt.png,1,7,5_ela.jpg,COVERAGE/image_patch_128
84t,6.png,6_gt.png,1,7,6_ela.jpg,COVERAGE/image_patch_128
84t,7.png,7_gt.png,1,7,7_ela.jpg,COVERAGE/image_patch_128
84t,8.png,8_gt.png,1,7,8_ela.jpg,COVERAGE/image_patch_128
84t,9.png,9_gt.png,1,7,9_ela.jpg,COVERAGE/image_patch_128
85t,0.png,0_gt.png,1,7,0_ela.jpg,COVERAGE/image_patch_128
85t,1.png,1_gt.png,1,7,1_ela.jpg,COVERAGE/image_patch_128
85t,10.png,10_gt.png,1,7,10_ela.jpg,COVERAGE/image_patch_128
85t,2.png,2_gt.png,1,7,2_ela.jpg,COVERAGE/image_patch_128
85t,3.png,3_gt.png,1,7,3_ela.jpg,COVERAGE/image_patch_128
85t,4.png,4_gt.png,1,7,4_ela.jpg,COVERAGE/image_patch_128
85t,5.png,5_gt.png,1,7,5_ela.jpg,COVERAGE/image_patch_128
85t,6.png,6_gt.png,1,7,6_ela.jpg,COVERAGE/image_patch_128
85t,7.png,7_gt.png,1,7,7_ela.jpg,COVERAGE/image_patch_128
85t,8.png,8_gt.png,1,7,8_ela.jpg,COVERAGE/image_patch_128
85t,9.png,9_gt.png,1,7,9_ela.jpg,COVERAGE/image_patch_128
86t,0.png,0_gt.png,1,7,0_ela.jpg,COVERAGE/image_patch_128
86t,1.png,1_gt.png,1,7,1_ela.jpg,COVERAGE/image_patch_128
86t,10.png,10_gt.png,1,7,10_ela.jpg,COVERAGE/image_patch_128
86t,11.png,11_gt.png,1,7,11_ela.jpg,COVERAGE/image_patch_128
86t,2.png,2_gt.png,1,7,2_ela.jpg,COVERAGE/image_patch_128
86t,3.png,3_gt.png,1,7,3_ela.jpg,COVERAGE/image_patch_128
86t,4.png,4_gt.png,1,7,4_ela.jpg,COVERAGE/image_patch_128
86t,5.png,5_gt.png,1,7,5_ela.jpg,COVERAGE/image_patch_128
86t,6.png,6_gt.png,1,7,6_ela.jpg,COVERAGE/image_patch_128
86t,7.png,7_gt.png,1,7,7_ela.jpg,COVERAGE/image_patch_128
86t,8.png,8_gt.png,1,7,8_ela.jpg,COVERAGE/image_patch_128
86t,9.png,9_gt.png,1,7,9_ela.jpg,COVERAGE/image_patch_128
87t,0.png,0_gt.png,1,7,0_ela.jpg,COVERAGE/image_patch_128
87t,1.png,1_gt.png,1,7,1_ela.jpg,COVERAGE/image_patch_128
87t,2.png,2_gt.png,1,7,2_ela.jpg,COVERAGE/image_patch_128
87t,3.png,3_gt.png,1,7,3_ela.jpg,COVERAGE/image_patch_128
87t,4.png,4_gt.png,1,7,4_ela.jpg,COVERAGE/image_patch_128
87t,5.png,5_gt.png,1,7,5_ela.jpg,COVERAGE/image_patch_128
87t,6.png,6_gt.png,1,7,6_ela.jpg,COVERAGE/image_patch_128
87t,7.png,7_gt.png,1,7,7_ela.jpg,COVERAGE/image_patch_128
87t,8.png,8_gt.png,1,7,8_ela.jpg,COVERAGE/image_patch_128
88t,0.png,0_gt.png,1,7,0_ela.jpg,COVERAGE/image_patch_128
88t,1.png,1_gt.png,1,7,1_ela.jpg,COVERAGE/image_patch_128
88t,2.png,2_gt.png,1,7,2_ela.jpg,COVERAGE/image_patch_128
88t,3.png,3_gt.png,1,7,3_ela.jpg,COVERAGE/image_patch_128
88t,4.png,4_gt.png,1,7,4_ela.jpg,COVERAGE/image_patch_128
89t,0.png,0_gt.png,1,7,0_ela.jpg,COVERAGE/image_patch_128
89t,1.png,1_gt.png,1,7,1_ela.jpg,COVERAGE/image_patch_128
89t,10.png,10_gt.png,1,8,10_ela.jpg,COVERAGE/image_patch_128
89t,11.png,11_gt.png,1,8,11_ela.jpg,COVERAGE/image_patch_128
89t,12.png,12_gt.png,1,8,12_ela.jpg,COVERAGE/image_patch_128
89t,2.png,2_gt.png,1,8,2_ela.jpg,COVERAGE/image_patch_128
89t,3.png,3_gt.png,1,8,3_ela.jpg,COVERAGE/image_patch_128
89t,4.png,4_gt.png,1,8,4_ela.jpg,COVERAGE/image_patch_128
89t,5.png,5_gt.png,1,8,5_ela.jpg,COVERAGE/image_patch_128
89t,6.png,6_gt.png,1,8,6_ela.jpg,COVERAGE/image_patch_128
89t,7.png,7_gt.png,1,8,7_ela.jpg,COVERAGE/image_patch_128
89t,8.png,8_gt.png,1,8,8_ela.jpg,COVERAGE/image_patch_128
89t,9.png,9_gt.png,1,8,9_ela.jpg,COVERAGE/image_patch_128
8t,0.png,0_gt.png,1,8,0_ela.jpg,COVERAGE/image_patch_128
8t,1.png,1_gt.png,1,8,1_ela.jpg,COVERAGE/image_patch_128
8t,2.png,2_gt.png,1,8,2_ela.jpg,COVERAGE/image_patch_128
8t,3.png,3_gt.png,1,8,3_ela.jpg,COVERAGE/image_patch_128
8t,4.png,4_gt.png,1,8,4_ela.jpg,COVERAGE/image_patch_128
8t,5.png,5_gt.png,1,8,5_ela.jpg,COVERAGE/image_patch_128
8t,6.png,6_gt.png,1,8,6_ela.jpg,COVERAGE/image_patch_128
8t,7.png,7_gt.png,1,8,7_ela.jpg,COVERAGE/image_patch_128
8t,8.png,8_gt.png,1,8,8_ela.jpg,COVERAGE/image_patch_128
8t,9.png,9_gt.png,1,8,9_ela.jpg,COVERAGE/image_patch_128
90t,0.png,0_gt.png,1,8,0_ela.jpg,COVERAGE/image_patch_128
90t,1.png,1_gt.png,1,8,1_ela.jpg,COVERAGE/image_patch_128
90t,2.png,2_gt.png,1,8,2_ela.jpg,COVERAGE/image_patch_128
90t,3.png,3_gt.png,1,8,3_ela.jpg,COVERAGE/image_patch_128
90t,4.png,4_gt.png,1,8,4_ela.jpg,COVERAGE/image_patch_128
90t,5.png,5_gt.png,1,8,5_ela.jpg,COVERAGE/image_patch_128
90t,6.png,6_gt.png,1,8,6_ela.jpg,COVERAGE/image_patch_128
90t,7.png,7_gt.png,1,8,7_ela.jpg,COVERAGE/image_patch_128
91t,0.png,0_gt.png,1,8,0_ela.jpg,COVERAGE/image_patch_128
91t,1.png,1_gt.png,1,8,1_ela.jpg,COVERAGE/image_patch_128
91t,10.png,10_gt.png,1,8,10_ela.jpg,COVERAGE/image_patch_128
91t,100.png,100_gt.png,1,8,100_ela.jpg,COVERAGE/image_patch_128
91t,101.png,101_gt.png,1,8,101_ela.jpg,COVERAGE/image_patch_128
91t,102.png,102_gt.png,1,8,102_ela.jpg,COVERAGE/image_patch_128
91t,103.png,103_gt.png,1,8,103_ela.jpg,COVERAGE/image_patch_128
91t,104.png,104_gt.png,1,8,104_ela.jpg,COVERAGE/image_patch_128
91t,105.png,105_gt.png,1,8,105_ela.jpg,COVERAGE/image_patch_128
91t,106.png,106_gt.png,1,8,106_ela.jpg,COVERAGE/image_patch_128
91t,107.png,107_gt.png,1,8,107_ela.jpg,COVERAGE/image_patch_128
91t,108.png,108_gt.png,1,8,108_ela.jpg,COVERAGE/image_patch_128
91t,109.png,109_gt.png,1,8,109_ela.jpg,COVERAGE/image_patch_128
91t,11.png,11_gt.png,1,8,11_ela.jpg,COVERAGE/image_patch_128
91t,110.png,110_gt.png,1,8,110_ela.jpg,COVERAGE/image_patch_128
91t,111.png,111_gt.png,1,8,111_ela.jpg,COVERAGE/image_patch_128
91t,112.png,112_gt.png,1,8,112_ela.jpg,COVERAGE/image_patch_128
91t,113.png,113_gt.png,1,8,113_ela.jpg,COVERAGE/image_patch_128
91t,114.png,114_gt.png,1,8,114_ela.jpg,COVERAGE/image_patch_128
91t,115.png,115_gt.png,1,8,115_ela.jpg,COVERAGE/image_patch_128
91t,116.png,116_gt.png,1,8,116_ela.jpg,COVERAGE/image_patch_128
91t,12.png,12_gt.png,1,8,12_ela.jpg,COVERAGE/image_patch_128
91t,13.png,13_gt.png,1,8,13_ela.jpg,COVERAGE/image_patch_128
91t,14.png,14_gt.png,1,8,14_ela.jpg,COVERAGE/image_patch_128
91t,15.png,15_gt.png,1,8,15_ela.jpg,COVERAGE/image_patch_128
91t,16.png,16_gt.png,1,8,16_ela.jpg,COVERAGE/image_patch_128
91t,17.png,17_gt.png,1,8,17_ela.jpg,COVERAGE/image_patch_128
91t,18.png,18_gt.png,1,8,18_ela.jpg,COVERAGE/image_patch_128
91t,19.png,19_gt.png,1,8,19_ela.jpg,COVERAGE/image_patch_128
91t,2.png,2_gt.png,1,8,2_ela.jpg,COVERAGE/image_patch_128
91t,20.png,20_gt.png,1,8,20_ela.jpg,COVERAGE/image_patch_128
91t,21.png,21_gt.png,1,8,21_ela.jpg,COVERAGE/image_patch_128
91t,22.png,22_gt.png,1,8,22_ela.jpg,COVERAGE/image_patch_128
91t,23.png,23_gt.png,1,8,23_ela.jpg,COVERAGE/image_patch_128
91t,24.png,24_gt.png,1,8,24_ela.jpg,COVERAGE/image_patch_128
91t,25.png,25_gt.png,1,8,25_ela.jpg,COVERAGE/image_patch_128
91t,26.png,26_gt.png,1,8,26_ela.jpg,COVERAGE/image_patch_128
91t,27.png,27_gt.png,1,8,27_ela.jpg,COVERAGE/image_patch_128
91t,28.png,28_gt.png,1,8,28_ela.jpg,COVERAGE/image_patch_128
91t,29.png,29_gt.png,1,8,29_ela.jpg,COVERAGE/image_patch_128
91t,3.png,3_gt.png,1,8,3_ela.jpg,COVERAGE/image_patch_128
91t,30.png,30_gt.png,1,8,30_ela.jpg,COVERAGE/image_patch_128
91t,31.png,31_gt.png,1,8,31_ela.jpg,COVERAGE/image_patch_128
91t,32.png,32_gt.png,1,8,32_ela.jpg,COVERAGE/image_patch_128
91t,33.png,33_gt.png,1,8,33_ela.jpg,COVERAGE/image_patch_128
91t,34.png,34_gt.png,1,8,34_ela.jpg,COVERAGE/image_patch_128
91t,35.png,35_gt.png,1,8,35_ela.jpg,COVERAGE/image_patch_128
91t,36.png,36_gt.png,1,8,36_ela.jpg,COVERAGE/image_patch_128
91t,37.png,37_gt.png,1,8,37_ela.jpg,COVERAGE/image_patch_128
91t,38.png,38_gt.png,1,8,38_ela.jpg,COVERAGE/image_patch_128
91t,39.png,39_gt.png,1,8,39_ela.jpg,COVERAGE/image_patch_128
91t,4.png,4_gt.png,1,8,4_ela.jpg,COVERAGE/image_patch_128
91t,40.png,40_gt.png,1,8,40_ela.jpg,COVERAGE/image_patch_128
91t,41.png,41_gt.png,1,8,41_ela.jpg,COVERAGE/image_patch_128
91t,42.png,42_gt.png,1,8,42_ela.jpg,COVERAGE/image_patch_128
91t,43.png,43_gt.png,1,8,43_ela.jpg,COVERAGE/image_patch_128
91t,44.png,44_gt.png,1,8,44_ela.jpg,COVERAGE/image_patch_128
91t,45.png,45_gt.png,1,8,45_ela.jpg,COVERAGE/image_patch_128
91t,46.png,46_gt.png,1,8,46_ela.jpg,COVERAGE/image_patch_128
91t,47.png,47_gt.png,1,8,47_ela.jpg,COVERAGE/image_patch_128
91t,48.png,48_gt.png,1,8,48_ela.jpg,COVERAGE/image_patch_128
91t,49.png,49_gt.png,1,8,49_ela.jpg,COVERAGE/image_patch_128
91t,5.png,5_gt.png,1,8,5_ela.jpg,COVERAGE/image_patch_128
91t,50.png,50_gt.png,1,8,50_ela.jpg,COVERAGE/image_patch_128
91t,51.png,51_gt.png,1,8,51_ela.jpg,COVERAGE/image_patch_128
91t,52.png,52_gt.png,1,8,52_ela.jpg,COVERAGE/image_patch_128
91t,53.png,53_gt.png,1,8,53_ela.jpg,COVERAGE/image_patch_128
91t,54.png,54_gt.png,1,8,54_ela.jpg,COVERAGE/image_patch_128
91t,55.png,55_gt.png,1,8,55_ela.jpg,COVERAGE/image_patch_128
91t,56.png,56_gt.png,1,8,56_ela.jpg,COVERAGE/image_patch_128
91t,57.png,57_gt.png,1,8,57_ela.jpg,COVERAGE/image_patch_128
91t,58.png,58_gt.png,1,8,58_ela.jpg,COVERAGE/image_patch_128
91t,59.png,59_gt.png,1,8,59_ela.jpg,COVERAGE/image_patch_128
91t,6.png,6_gt.png,1,8,6_ela.jpg,COVERAGE/image_patch_128
91t,60.png,60_gt.png,1,8,60_ela.jpg,COVERAGE/image_patch_128
91t,61.png,61_gt.png,1,8,61_ela.jpg,COVERAGE/image_patch_128
91t,62.png,62_gt.png,1,8,62_ela.jpg,COVERAGE/image_patch_128
91t,63.png,63_gt.png,1,9,63_ela.jpg,COVERAGE/image_patch_128
91t,64.png,64_gt.png,1,9,64_ela.jpg,COVERAGE/image_patch_128
91t,65.png,65_gt.png,1,9,65_ela.jpg,COVERAGE/image_patch_128
91t,66.png,66_gt.png,1,9,66_ela.jpg,COVERAGE/image_patch_128
91t,67.png,67_gt.png,1,9,67_ela.jpg,COVERAGE/image_patch_128
91t,68.png,68_gt.png,1,9,68_ela.jpg,COVERAGE/image_patch_128
91t,69.png,69_gt.png,1,9,69_ela.jpg,COVERAGE/image_patch_128
91t,7.png,7_gt.png,1,9,7_ela.jpg,COVERAGE/image_patch_128
91t,70.png,70_gt.png,1,9,70_ela.jpg,COVERAGE/image_patch_128
91t,71.png,71_gt.png,1,9,71_ela.jpg,COVERAGE/image_patch_128
91t,72.png,72_gt.png,1,9,72_ela.jpg,COVERAGE/image_patch_128
91t,73.png,73_gt.png,1,9,73_ela.jpg,COVERAGE/image_patch_128
91t,74.png,74_gt.png,1,9,74_ela.jpg,COVERAGE/image_patch_128
91t,75.png,75_gt.png,1,9,75_ela.jpg,COVERAGE/image_patch_128
91t,76.png,76_gt.png,1,9,76_ela.jpg,COVERAGE/image_patch_128
91t,77.png,77_gt.png,1,9,77_ela.jpg,COVERAGE/image_patch_128
91t,78.png,78_gt.png,1,9,78_ela.jpg,COVERAGE/image_patch_128
91t,79.png,79_gt.png,1,9,79_ela.jpg,COVERAGE/image_patch_128
91t,8.png,8_gt.png,1,9,8_ela.jpg,COVERAGE/image_patch_128
91t,80.png,80_gt.png,1,9,80_ela.jpg,COVERAGE/image_patch_128
91t,81.png,81_gt.png,1,9,81_ela.jpg,COVERAGE/image_patch_128
91t,82.png,82_gt.png,1,9,82_ela.jpg,COVERAGE/image_patch_128
91t,83.png,83_gt.png,1,9,83_ela.jpg,COVERAGE/image_patch_128
91t,84.png,84_gt.png,1,9,84_ela.jpg,COVERAGE/image_patch_128
91t,85.png,85_gt.png,1,9,85_ela.jpg,COVERAGE/image_patch_128
91t,86.png,86_gt.png,1,9,86_ela.jpg,COVERAGE/image_patch_128
91t,87.png,87_gt.png,1,9,87_ela.jpg,COVERAGE/image_patch_128
91t,88.png,88_gt.png,1,9,88_ela.jpg,COVERAGE/image_patch_128
91t,89.png,89_gt.png,1,9,89_ela.jpg,COVERAGE/image_patch_128
91t,9.png,9_gt.png,1,9,9_ela.jpg,COVERAGE/image_patch_128
91t,90.png,90_gt.png,1,9,90_ela.jpg,COVERAGE/image_patch_128
91t,91.png,91_gt.png,1,9,91_ela.jpg,COVERAGE/image_patch_128
91t,92.png,92_gt.png,1,9,92_ela.jpg,COVERAGE/image_patch_128
91t,93.png,93_gt.png,1,9,93_ela.jpg,COVERAGE/image_patch_128
91t,94.png,94_gt.png,1,9,94_ela.jpg,COVERAGE/image_patch_128
91t,95.png,95_gt.png,1,9,95_ela.jpg,COVERAGE/image_patch_128
91t,96.png,96_gt.png,1,9,96_ela.jpg,COVERAGE/image_patch_128
91t,97.png,97_gt.png,1,9,97_ela.jpg,COVERAGE/image_patch_128
91t,98.png,98_gt.png,1,9,98_ela.jpg,COVERAGE/image_patch_128
91t,99.png,99_gt.png,1,9,99_ela.jpg,COVERAGE/image_patch_128
92t,0.png,0_gt.png,1,9,0_ela.jpg,COVERAGE/image_patch_128
92t,1.png,1_gt.png,1,9,1_ela.jpg,COVERAGE/image_patch_128
92t,2.png,2_gt.png,1,9,2_ela.jpg,COVERAGE/image_patch_128
92t,3.png,3_gt.png,1,9,3_ela.jpg,COVERAGE/image_patch_128
93t,0.png,0_gt.png,1,9,0_ela.jpg,COVERAGE/image_patch_128
93t,1.png,1_gt.png,1,9,1_ela.jpg,COVERAGE/image_patch_128
93t,2.png,2_gt.png,1,9,2_ela.jpg,COVERAGE/image_patch_128
93t,3.png,3_gt.png,1,9,3_ela.jpg,COVERAGE/image_patch_128
94t,0.png,0_gt.png,1,9,0_ela.jpg,COVERAGE/image_patch_128
94t,1.png,1_gt.png,1,9,1_ela.jpg,COVERAGE/image_patch_128
94t,2.png,2_gt.png,1,9,2_ela.jpg,COVERAGE/image_patch_128
94t,3.png,3_gt.png,1,9,3_ela.jpg,COVERAGE/image_patch_128
94t,4.png,4_gt.png,1,9,4_ela.jpg,COVERAGE/image_patch_128
94t,5.png,5_gt.png,1,9,5_ela.jpg,COVERAGE/image_patch_128
94t,6.png,6_gt.png,1,9,6_ela.jpg,COVERAGE/image_patch_128
94t,7.png,7_gt.png,1,9,7_ela.jpg,COVERAGE/image_patch_128
94t,8.png,8_gt.png,1,9,8_ela.jpg,COVERAGE/image_patch_128
95t,0.png,0_gt.png,1,9,0_ela.jpg,COVERAGE/image_patch_128
95t,1.png,1_gt.png,1,9,1_ela.jpg,COVERAGE/image_patch_128
95t,10.png,10_gt.png,1,9,10_ela.jpg,COVERAGE/image_patch_128
95t,2.png,2_gt.png,1,9,2_ela.jpg,COVERAGE/image_patch_128
95t,3.png,3_gt.png,1,9,3_ela.jpg,COVERAGE/image_patch_128
95t,4.png,4_gt.png,1,9,4_ela.jpg,COVERAGE/image_patch_128
95t,5.png,5_gt.png,1,9,5_ela.jpg,COVERAGE/image_patch_128
95t,6.png,6_gt.png,1,9,6_ela.jpg,COVERAGE/image_patch_128
95t,7.png,7_gt.png,1,9,7_ela.jpg,COVERAGE/image_patch_128
95t,8.png,8_gt.png,1,9,8_ela.jpg,COVERAGE/image_patch_128
95t,9.png,9_gt.png,1,9,9_ela.jpg,COVERAGE/image_patch_128
96t,0.png,0_gt.png,1,9,0_ela.jpg,COVERAGE/image_patch_128
96t,1.png,1_gt.png,1,9,1_ela.jpg,COVERAGE/image_patch_128
96t,2.png,2_gt.png,1,9,2_ela.jpg,COVERAGE/image_patch_128
96t,3.png,3_gt.png,1,9,3_ela.jpg,COVERAGE/image_patch_128
96t,4.png,4_gt.png,1,9,4_ela.jpg,COVERAGE/image_patch_128
96t,5.png,5_gt.png,1,9,5_ela.jpg,COVERAGE/image_patch_128
97t,0.png,0_gt.png,1,9,0_ela.jpg,COVERAGE/image_patch_128
97t,1.png,1_gt.png,1,9,1_ela.jpg,COVERAGE/image_patch_128
97t,2.png,2_gt.png,1,9,2_ela.jpg,COVERAGE/image_patch_128
97t,3.png,3_gt.png,1,9,3_ela.jpg,COVERAGE/image_patch_128
97t,4.png,4_gt.png,1,9,4_ela.jpg,COVERAGE/image_patch_128
97t,5.png,5_gt.png,1,9,5_ela.jpg,COVERAGE/image_patch_128
97t,6.png,6_gt.png,1,9,6_ela.jpg,COVERAGE/image_patch_128
98t,0.png,0_gt.png,1,9,0_ela.jpg,COVERAGE/image_patch_128
98t,1.png,1_gt.png,1,9,1_ela.jpg,COVERAGE/image_patch_128
98t,2.png,2_gt.png,1,9,2_ela.jpg,COVERAGE/image_patch_128
98t,3.png,3_gt.png,1,9,3_ela.jpg,COVERAGE/image_patch_128
98t,4.png,4_gt.png,1,9,4_ela.jpg,COVERAGE/image_patch_128
98t,5.png,5_gt.png,1,9,5_ela.jpg,COVERAGE/image_patch_128
98t,6.png,6_gt.png,1,9,6_ela.jpg,COVERAGE/image_patch_128
98t,7.png,7_gt.png,1,9,7_ela.jpg,COVERAGE/image_patch_128
98t,8.png,8_gt.png,1,9,8_ela.jpg,COVERAGE/image_patch_128
98t,9.png,9_gt.png,1,9,9_ela.jpg,COVERAGE/image_patch_128
99t,0.png,0_gt.png,1,9,0_ela.jpg,COVERAGE/image_patch_128
99t,1.png,1_gt.png,1,9,1_ela.jpg,COVERAGE/image_patch_128
99t,2.png,2_gt.png,1,9,2_ela.jpg,COVERAGE/image_patch_128
99t,3.png,3_gt.png,1,9,3_ela.jpg,COVERAGE/image_patch_128
99t,4.png,4_gt.png,1,9,4_ela.jpg,COVERAGE/image_patch_128
99t,5.png,5_gt.png,1,9,5_ela.jpg,COVERAGE/image_patch_128
99t,6.png,6_gt.png,1,9,6_ela.jpg,COVERAGE/image_patch_128
9t,0.png,0_gt.png,1,9,0_ela.jpg,COVERAGE/image_patch_128
9t,1.png,1_gt.png,1,9,1_ela.jpg,COVERAGE/image_patch_128
9t,2.png,2_gt.png,1,9,2_ela.jpg,COVERAGE/image_patch_128
9t,3.png,3_gt.png,1,9,3_ela.jpg,COVERAGE/image_patch_128
9t,4.png,4_gt.png,1,9,4_ela.jpg,COVERAGE/image_patch_128
9t,5.png,5_gt.png,1,9,5_ela.jpg,COVERAGE/image_patch_128
9t,6.png,6_gt.png,1,9,6_ela.jpg,COVERAGE/image_patch_128
9t,7.png,7_gt.png,1,9,7_ela.jpg,COVERAGE/image_patch_128
